keyword,parent_keyword,cluster,category,monthly_pc,monthly_mobile,monthly_total,competition,trend_1m,trend_3m,trend_momentum,seasonality,commercial_intent,freshness,longtail_score,content_fit,opportunity_score,score_valid,data_coverage,novelty_score,theme_state,seed_source,exploration_bucket,status,discovered_at,last_checked,source,depth,confidence,content_types,intent,action,closest_url,overlap,reason,strategy,volume_note,search_ads_checked_at,datalab_checked_at
1개월 초과 학원 수강료 중도해지 환불 기준,,1개월초과학원수강료중도해지환불기준,topic:개월,,,,낮음,,,,,0.3,0.2,0.36000000000000004,0.4,,False,0,,,,,NEW,2026-09-09T18:29:24.992855+09:00,2026-09-10T19:58:48.330604+09:00,NAVER_SEARCHAD,0,UNVERIFIED,evergreen|informational,informational,NEW_PAGE,/kor/column/baby-fever-management-guide-2026.html,NO_OVERLAP,Fixed semantic similarity threshold.,discovery,CENSORED_OR_MISSING,2026-09-10T18:22:53.467440+09:00,2026-09-10T19:58:48.330604+09:00
2026년 건물신축가격기준액 변경과 시행일,,2026년건물신축가격기준액변경과시행일,topic:건물신축가격기준액,,,,낮음,,,,,0.9,1,0.9,0.4,,False,0,,,,,NEW,2026-09-09T18:29:24.992855+09:00,2026-09-10T19:58:48.330604+09:00,NAVER_SEARCHAD,0,UNVERIFIED,commercial|current-information|informational,informational,NEW_PAGE,/kor/column/gold-investment-strategy-2026.html,NO_OVERLAP,Fixed semantic similarity threshold.,discovery,CENSORED_OR_MISSING,2026-09-10T18:22:53.467440+09:00,2026-09-10T19:58:48.330604+09:00
5일·10일 후 영업일 날짜 계산,,5일10일후영업일날짜계산,tools,,,,,,,,,0.3,0.2,0.5850000000000001,0.9,,False,0,,,,,NEW,2026-09-09T18:29:24.992855+09:00,2026-09-10T19:58:48.330604+09:00,EXISTING_EXTERNAL,0,UNVERIFIED,calculator/tool|evergreen|informational,calculator/tool,NEW_PAGE,/kor/report/ios26-analysis.html,NO_OVERLAP,Fixed semantic similarity threshold.,discovery,,,2026-09-10T19:58:48.330604+09:00
CITES 여행자 기념품,,cites여행자기념품,travel,,,,낮음,,,,,0.3,0.2,0.22000000000000003,0.9,,False,0,,,,,NEW,2026-09-09T18:29:24.992855+09:00,2026-09-10T19:58:48.330604+09:00,NAVER_SEARCHAD,0,UNVERIFIED,evergreen|informational,informational,NEW_PAGE,/kor/report/animal/chameleon.html,NO_OVERLAP,Fixed semantic similarity threshold.,discovery,CENSORED_OR_MISSING,2026-09-10T16:10:20.341088+09:00,2026-09-10T19:58:48.330604+09:00
CSS box model calculator,,cssboxmodelcalculator,topic:css,,,,낮음,,,,,0.3,0.2,0.4,0.4,,False,0,,,,,NEW,2026-09-09T18:29:24.992855+09:00,2026-09-10T19:58:48.330604+09:00,NAVER_SEARCHAD,0,UNVERIFIED,evergreen|informational,informational,NEW_PAGE,/util/grade-calculator/,LOW_OVERLAP,Fixed semantic similarity threshold.,discovery,CENSORED_OR_MISSING,2026-09-10T16:10:20.341088+09:00,2026-09-10T19:58:48.330604+09:00
CSS clamp generator,,cssclampgenerator,topic:css,,,,낮음,,,,,0.3,0.2,0.34,0.4,,False,0,,,,,NEW,2026-09-09T18:29:24.992855+09:00,2026-09-10T19:58:48.330604+09:00,NAVER_SEARCHAD,0,UNVERIFIED,evergreen|informational,informational,NEW_PAGE,/id/util/crc/,LOW_OVERLAP,Fixed semantic similarity threshold.,discovery,CENSORED_OR_MISSING,2026-09-10T16:10:20.341088+09:00,2026-09-10T19:58:48.330604+09:00
CSS object-fit preview,,cssobjectfitpreview,topic:css,,,,낮음,,,,,0.3,0.2,0.38,0.4,,False,0,,,,,NEW,2026-09-09T18:29:24.992855+09:00,2026-09-10T19:58:48.330604+09:00,NAVER_SEARCHAD,0,UNVERIFIED,evergreen|informational,informational,NEW_PAGE,/pt/game/SurvivorMini/,NO_OVERLAP,Fixed semantic similarity threshold.,discovery,CENSORED_OR_MISSING,2026-09-10T16:10:20.341088+09:00,2026-09-10T19:58:48.330604+09:00
Client Hints inspection,,clienthintsinspection,topic:client,,,,낮음,,,,,0.3,0.2,0.4,0.4,,False,0,,,,,NEW,2026-09-09T18:29:24.992855+09:00,2026-09-10T19:58:48.330604+09:00,NAVER_SEARCHAD,0,UNVERIFIED,evergreen|informational,informational,NEW_PAGE,/report/travel/benin-hettine.html,NO_OVERLAP,Fixed semantic similarity threshold.,discovery,CENSORED_OR_MISSING,2026-09-10T18:22:53.467440+09:00,2026-09-10T19:58:48.330604+09:00
GPC and DNT signal check,,gpcanddntsignalcheck,topic:gpc,,,,낮음,,,,,0.3,0.2,0.4,0.4,,False,0,,,,,NEW,2026-09-09T18:29:24.992855+09:00,2026-09-10T19:58:48.330604+09:00,NAVER_SEARCHAD,0,UNVERIFIED,evergreen|informational,informational,NEW_PAGE,/report/travel/korea-cheonan.html,NO_OVERLAP,Fixed semantic similarity threshold.,discovery,CENSORED_OR_MISSING,2026-09-10T18:28:14.200587+09:00,2026-09-10T19:58:48.330604+09:00
HTML lang attribute checker,,htmllangattributechecker,topic:html,,,,낮음,,,,,0.3,0.2,0.4,0.4,,False,0,,,,,NEW,2026-09-09T18:29:24.992855+09:00,2026-09-10T19:58:48.330604+09:00,NAVER_SEARCHAD,0,UNVERIFIED,evergreen|informational,informational,NEW_PAGE,/report/travel/netherland-utrecht.html,NO_OVERLAP,Fixed semantic similarity threshold.,discovery,CENSORED_OR_MISSING,2026-09-10T18:28:14.200587+09:00,2026-09-10T19:58:48.330604+09:00
CSS specificity calculator,,cssspecificitycalculator,topic:css,,,,낮음,,,,,0.3,0.2,0.4,0.4,,False,0,,,,,NEW,2026-09-09T18:31:24.471200+09:00,2026-09-10T19:58:48.330604+09:00,NAVER_SEARCHAD,0,UNVERIFIED,evergreen|informational,informational,NEW_PAGE,/util/electricity-cost-calculator/,LOW_OVERLAP,Fixed semantic similarity threshold.,discovery,CENSORED_OR_MISSING,2026-09-10T16:10:20.341088+09:00,2026-09-10T19:58:48.330604+09:00
HTTP/3 connection check,,http3connectioncheck,topic:http,,,,낮음,,,,,0.3,0.2,0.4,0.4,,False,0,,,,,NEW,2026-09-09T18:31:24.471200+09:00,2026-09-10T19:58:48.330604+09:00,NAVER_SEARCHAD,0,UNVERIFIED,evergreen|informational,informational,NEW_PAGE,/fr/util/dice3d/,NO_OVERLAP,Fixed semantic similarity threshold.,discovery,CENSORED_OR_MISSING,2026-09-10T18:22:53.467440+09:00,2026-09-10T19:58:48.330604+09:00
IRI URI converter,,iriuriconverter,topic:iri,,,,낮음,,,,,0.3,0.2,0.30000000000000004,0.4,,False,0,,,,,NEW,2026-09-09T18:31:24.471200+09:00,2026-09-10T19:58:48.330604+09:00,NAVER_SEARCHAD,0,UNVERIFIED,evergreen|informational,informational,NEW_PAGE,/util/caseconverter/,LOW_OVERLAP,Fixed semantic similarity threshold.,discovery,CENSORED_OR_MISSING,2026-09-10T18:28:14.200587+09:00,2026-09-10T19:58:48.330604+09:00
JSON to CSV converter,,jsontocsvconverter,topic:json,,,,낮음,,,,,0.3,0.2,0.36000000000000004,0.4,,False,0,,,,,NEW,2026-09-09T18:31:24.471200+09:00,2026-09-10T19:58:48.330604+09:00,NAVER_SEARCHAD,0,UNVERIFIED,evergreen|informational,informational,NEW_PAGE,/util/caseconverter/,LOW_OVERLAP,Fixed semantic similarity threshold.,discovery,CENSORED_OR_MISSING,2026-09-10T16:10:20.341088+09:00,2026-09-10T19:58:48.330604+09:00
Merchant Center 인기제품 순위와 지연 해석,,merchantcenter인기제품순위와지연해석,topic:merchant,,,,낮음,,,,,0.3,0.2,0.4,0.4,,False,0,,,,,NEW,2026-09-09T18:31:24.471200+09:00,2026-09-10T19:58:48.330604+09:00,NAVER_SEARCHAD,0,UNVERIFIED,evergreen|informational,informational,NEW_PAGE,/report/travel/cuba-varadero.html,NO_OVERLAP,Fixed semantic similarity threshold.,discovery,CENSORED_OR_MISSING,2026-09-10T16:10:20.341088+09:00,2026-09-10T19:58:48.330604+09:00
SNS 해외직구 쇼핑몰 피해,,sns해외직구쇼핑몰피해,topic:sns,,,,낮음,,,,,0.3,0.2,0.24,0.4,,False,0,,,,,NEW,2026-09-09T18:31:24.471200+09:00,2026-09-10T19:58:48.330604+09:00,NAVER_SEARCHAD,0,UNVERIFIED,evergreen|informational,informational,NEW_PAGE,/kor/report/travel/singapore-orchard.html,NO_OVERLAP,Fixed semantic similarity threshold.,discovery,CENSORED_OR_MISSING,2026-09-10T16:10:20.341088+09:00,2026-09-10T19:58:48.330604+09:00
TLS connection inspection,,tlsconnectioninspection,topic:tls,,,,낮음,,,,,0.3,0.2,0.4,0.4,,False,0,,,,,NEW,2026-09-09T18:31:24.471200+09:00,2026-09-10T19:58:48.330604+09:00,NAVER_SEARCHAD,0,UNVERIFIED,evergreen|informational,informational,NEW_PAGE,/report/travel/marshall-bikini.html,NO_OVERLAP,Fixed semantic similarity threshold.,discovery,CENSORED_OR_MISSING,2026-09-10T16:10:20.341088+09:00,2026-09-10T19:58:48.330604+09:00
URI Template expander,,uritemplateexpander,topic:uri,,,,낮음,,,,,0.3,0.2,0.38,0.4,,False,0,,,,,NEW,2026-09-09T18:31:24.471200+09:00,2026-09-10T19:58:48.330604+09:00,NAVER_SEARCHAD,0,UNVERIFIED,evergreen|informational,informational,NEW_PAGE,/report/travel/korea-gunwi.html,LOW_OVERLAP,Fixed semantic similarity threshold.,discovery,CENSORED_OR_MISSING,2026-09-10T16:10:20.341088+09:00,2026-09-10T19:58:48.330604+09:00
URI component parser,,uricomponentparser,topic:uri,,,,낮음,,,,,0.3,0.2,0.36000000000000004,0.4,,False,0,,,,,NEW,2026-09-09T18:31:24.471200+09:00,2026-09-10T19:58:48.330604+09:00,NAVER_SEARCHAD,0,UNVERIFIED,evergreen|informational,informational,NEW_PAGE,/util/url-encoder/,LOW_OVERLAP,Fixed semantic similarity threshold.,discovery,CENSORED_OR_MISSING,2026-09-10T16:10:20.341088+09:00,2026-09-10T19:58:48.330604+09:00
URI normalization comparison,,urinormalizationcomparison,topic:uri,,,,낮음,,,,,0.3,0.2,0.4,0.4,,False,0,,,,,NEW,2026-09-09T18:31:24.471200+09:00,2026-09-10T19:58:48.330604+09:00,NAVER_SEARCHAD,0,UNVERIFIED,evergreen|informational,informational,NEW_PAGE,/report/stock/aapl.html,LOW_OVERLAP,Fixed semantic similarity threshold.,discovery,CENSORED_OR_MISSING,2026-09-10T16:10:20.341088+09:00,2026-09-10T19:58:48.330604+09:00
URI percent encoding,,uripercentencoding,topic:uri,,,,낮음,,,,,0.3,0.2,0.36000000000000004,0.4,,False,0,,,,,NEW,2026-09-09T19:31:43.072540+09:00,2026-09-10T19:58:48.330604+09:00,NAVER_SEARCHAD,0,UNVERIFIED,evergreen|informational,informational,NEW_PAGE,/report/travel/korea-yangyang.html,NO_OVERLAP,Fixed semantic similarity threshold.,discovery,CENSORED_OR_MISSING,2026-09-10T16:14:37.698378+09:00,2026-09-10T19:58:48.330604+09:00
UUID format validator,,uuidformatvalidator,topic:uuid,,,,낮음,,,,,0.3,0.2,0.38,0.4,,False,0,,,,,NEW,2026-09-09T19:31:43.072540+09:00,2026-09-10T19:58:48.330604+09:00,NAVER_SEARCHAD,0,UNVERIFIED,evergreen|informational,informational,NEW_PAGE,/util/uuid-generator/,NO_OVERLAP,Fixed semantic similarity threshold.,discovery,CENSORED_OR_MISSING,2026-09-10T16:14:37.698378+09:00,2026-09-10T19:58:48.330604+09:00
UUID version inspector,,uuidversioninspector,topic:uuid,,,,낮음,,,,,0.3,0.2,0.4,0.4,,False,0,,,,,NEW,2026-09-09T19:31:43.072540+09:00,2026-09-10T19:58:48.330604+09:00,NAVER_SEARCHAD,0,UNVERIFIED,evergreen|informational,informational,NEW_PAGE,/report/travel/estonia-johvi.html,LOW_OVERLAP,Fixed semantic similarity threshold.,discovery,CENSORED_OR_MISSING,2026-09-10T16:14:37.698378+09:00,2026-09-10T19:58:48.330604+09:00
UUIDv7 timestamp decoder,,uuidv7timestampdecoder,topic:uuidv,,,,낮음,,,,,0.3,0.2,0.4,0.4,,False,0,,,,,NEW,2026-09-09T19:31:43.072540+09:00,2026-09-10T19:58:48.330604+09:00,NAVER_SEARCHAD,0,UNVERIFIED,evergreen|informational,informational,NEW_PAGE,/util/unix-timestamp/,NO_OVERLAP,Fixed semantic similarity threshold.,discovery,CENSORED_OR_MISSING,2026-09-10T16:14:37.698378+09:00,2026-09-10T19:58:48.330604+09:00
Unicode confusable detector,,unicodeconfusabledetector,topic:unicode,,,,낮음,,,,,0.3,0.2,0.4,0.4,,False,0,,,,,NEW,2026-09-09T19:31:43.072540+09:00,2026-09-10T19:58:48.330604+09:00,NAVER_SEARCHAD,0,UNVERIFIED,evergreen|informational,informational,NEW_PAGE,/report/travel/north-macedonia-sveti-nikole.html,NO_OVERLAP,Fixed semantic similarity threshold.,discovery,CENSORED_OR_MISSING,2026-09-10T16:14:37.698378+09:00,2026-09-10T19:58:48.330604+09:00
Unicode normalization forms,,unicodenormalizationforms,topic:unicode,,,,낮음,,,,,0.3,0.2,0.4,0.4,,False,0,,,,,NEW,2026-09-09T19:31:43.072540+09:00,2026-09-10T19:58:48.330604+09:00,NAVER_SEARCHAD,0,UNVERIFIED,evergreen|informational,informational,NEW_PAGE,/report/travel/bhutan-damchu.html,LOW_OVERLAP,Fixed semantic similarity threshold.,discovery,CENSORED_OR_MISSING,2026-09-10T16:14:37.698378+09:00,2026-09-10T19:58:48.330604+09:00
WCAG color contrast ratio,,wcagcolorcontrastratio,topic:wcag,,,,낮음,,,,,0.3,0.2,0.4,0.4,,False,0,,,,,NEW,2026-09-09T19:31:43.072540+09:00,2026-09-10T19:58:48.330604+09:00,NAVER_SEARCHAD,0,UNVERIFIED,evergreen|informational,informational,NEW_PAGE,/report/stock/cmcsa.html,LOW_OVERLAP,Fixed semantic similarity threshold.,discovery,CENSORED_OR_MISSING,2026-09-10T16:14:37.698378+09:00,2026-09-10T19:58:48.330604+09:00
WCAG focus appearance checker,,wcagfocusappearancechecker,topic:wcag,,,,낮음,,,,,0.3,0.2,0.4,0.4,,False,0,,,,,NEW,2026-09-09T19:31:43.072540+09:00,2026-09-10T19:58:48.330604+09:00,NAVER_SEARCHAD,0,UNVERIFIED,evergreen|informational,informational,NEW_PAGE,/report/travel/france-bastia.html,NO_OVERLAP,Fixed semantic similarity threshold.,discovery,CENSORED_OR_MISSING,2026-09-10T16:14:37.698378+09:00,2026-09-10T19:58:48.330604+09:00
WCAG pause stop hide checker,,wcagpausestophidechecker,topic:wcag,,,,낮음,,,,,0.3,0.2,0.4,0.4,,False,0,,,,,NEW,2026-09-09T19:31:43.072540+09:00,2026-09-10T19:58:48.330604+09:00,NAVER_SEARCHAD,0,UNVERIFIED,evergreen|informational,informational,NEW_PAGE,/report/travel/usa-philadelphia.html,NO_OVERLAP,Fixed semantic similarity threshold.,discovery,CENSORED_OR_MISSING,2026-09-10T16:14:37.698378+09:00,2026-09-10T19:58:48.330604+09:00
WebRTC leak surface check,,webrtcleaksurfacecheck,topic:webrtc,,,,낮음,,,,,0.3,0.2,0.4,0.4,,False,0,,,,,NEW,2026-09-09T19:31:43.072540+09:00,2026-09-10T19:58:48.330604+09:00,NAVER_SEARCHAD,0,UNVERIFIED,evergreen|informational,informational,NEW_PAGE,/util/text-cleaner/,NO_OVERLAP,Fixed semantic similarity threshold.,discovery,CENSORED_OR_MISSING,2026-09-10T16:14:37.698378+09:00,2026-09-10T19:58:48.330604+09:00
'26년8월중대재해사이렌(오픈채팅방)자료공개,,26년8월중대재해사이렌오픈채팅방자료공개,topic:중대재해사이렌,,,,낮음,,,,,0.3,0.2,0.4,0.4,,False,0,,,,,NEW,2026-09-10T16:10:20.341088+09:00,2026-09-10T19:58:48.330604+09:00,NAVER_SEARCHAD,0,UNVERIFIED,evergreen|informational,informational,NEW_PAGE,/kor/report/coin/aist-guide.html,NO_OVERLAP,Fixed semantic similarity threshold.,discovery,CENSORED_OR_MISSING,2026-09-10T18:22:53.467440+09:00,2026-09-10T19:58:48.330604+09:00
2026.2분기(누적)산업재해현황,,20262분기누적산업재해현황,topic:분기,,,,낮음,,,,,0.3,1,0.30000000000000004,0.4,,False,0,,,,,NEW,2026-09-10T16:10:20.341088+09:00,2026-09-10T19:58:48.330604+09:00,NAVER_SEARCHAD,0,UNVERIFIED,current-information|informational,informational,NEW_PAGE,/kor/report/coin/aip-guide.html,NO_OVERLAP,Fixed semantic similarity threshold.,discovery,CENSORED_OR_MISSING,2026-09-10T18:22:53.467440+09:00,2026-09-10T19:58:48.330604+09:00
26년2분기사전지정운용방법(디폴트옵션)주요현황공시,,26년2분기사전지정운용방법디폴트옵션주요현황공시,topic:분기,,,,낮음,,,,,0.3,0.2,0.9,0.4,,False,0,,,,,NEW,2026-09-10T16:10:20.341088+09:00,2026-09-10T19:58:48.330604+09:00,NAVER_SEARCHAD,0,UNVERIFIED,evergreen|how-to|informational,how-to,NEW_PAGE,/kor/report/coin/aip-guide.html,NO_OVERLAP,Fixed semantic similarity threshold.,discovery,CENSORED_OR_MISSING,2026-09-10T18:22:53.467440+09:00,2026-09-10T19:58:48.330604+09:00
WCAGRESIZETEXTCHECKLIST,,wcagresizetextchecklist,topic:wcag,,,,낮음,,,,,0.3,0.2,0.4,0.4,,False,0,,,,,NEW,2026-09-10T16:10:20.341088+09:00,2026-09-10T19:58:48.330604+09:00,NAVER_SEARCHAD,0,UNVERIFIED,evergreen|informational,informational,NEW_PAGE,/kor/column/national-growth-fund-2026.html,NO_OVERLAP,Fixed semantic similarity threshold.,discovery,CENSORED_OR_MISSING,2026-09-10T16:10:20.341088+09:00,2026-09-10T19:58:48.330604+09:00
WCAGTARGETSIZECHECKER,,wcagtargetsizechecker,topic:wcag,,,,낮음,,,,,0.3,0.2,0.4,0.4,,False,0,,,,,NEW,2026-09-10T16:10:20.341088+09:00,2026-09-10T19:58:48.330604+09:00,NAVER_SEARCHAD,0,UNVERIFIED,evergreen|informational,informational,NEW_PAGE,/de/game/BlockBreaker/,NO_OVERLAP,Fixed semantic similarity threshold.,discovery,CENSORED_OR_MISSING,2026-09-10T16:10:20.341088+09:00,2026-09-10T19:58:48.330604+09:00
WCAGTEXTSPACINGTEST,,wcagtextspacingtest,topic:wcag,,,,낮음,,,,,0.3,0.2,0.38,0.4,,False,0,,,,,NEW,2026-09-10T16:10:20.341088+09:00,2026-09-10T19:58:48.330604+09:00,NAVER_SEARCHAD,0,UNVERIFIED,evergreen|informational,informational,NEW_PAGE,/util/regex-tester/,NO_OVERLAP,Fixed semantic similarity threshold.,discovery,CENSORED_OR_MISSING,2026-09-10T16:10:20.341088+09:00,2026-09-10T19:58:48.330604+09:00
ACCESSIBLENAMEDECISIONHELPER,,accessiblenamedecisionhelper,topic:accessible,,,,낮음,,,,,0.3,0.2,0.4,0.4,,False,0,,,,,NEW,2026-09-10T16:10:20.341088+09:00,2026-09-10T19:58:48.330604+09:00,NAVER_SEARCHAD,0,UNVERIFIED,evergreen|informational,informational,NEW_PAGE,/report/travel/libya-zawiya.html,NO_OVERLAP,Fixed semantic similarity threshold.,discovery,CENSORED_OR_MISSING,2026-09-10T16:10:20.341088+09:00,2026-09-10T19:58:48.330604+09:00
ALTTEXTDECISIONTREE,,alttextdecisiontree,topic:alt,,,,낮음,,,,,0.3,0.2,0.38,0.4,,False,0,,,,,NEW,2026-09-10T16:10:20.341088+09:00,2026-09-10T19:58:48.330604+09:00,NAVER_SEARCHAD,0,UNVERIFIED,evergreen|informational,informational,NEW_PAGE,/report/travel/canada-montreal.html,NO_OVERLAP,Fixed semantic similarity threshold.,discovery,CENSORED_OR_MISSING,2026-09-10T16:10:20.341088+09:00,2026-09-10T19:58:48.330604+09:00
BROWSERDEVTOOLSSHORTCUTS,,browserdevtoolsshortcuts,topic:browser,,,,낮음,,,,,0.3,0.2,0.4,0.4,,False,0,,,,,NEW,2026-09-10T16:10:20.341088+09:00,2026-09-10T19:58:48.330604+09:00,NAVER_SEARCHAD,0,UNVERIFIED,evergreen|informational,informational,NEW_PAGE,/util/,LOW_OVERLAP,Fixed semantic similarity threshold.,discovery,CENSORED_OR_MISSING,2026-09-10T16:10:20.341088+09:00,2026-09-10T19:58:48.330604+09:00
BROWSERPERMISSIONSINSPECTION,,browserpermissionsinspection,topic:browser,,,,낮음,,,,,0.3,0.2,0.4,0.4,,False,0,,,,,NEW,2026-09-10T16:10:20.341088+09:00,2026-09-10T19:58:48.330604+09:00,NAVER_SEARCHAD,0,UNVERIFIED,evergreen|informational,informational,NEW_PAGE,/kor/report/coin/ask-guide.html,LOW_OVERLAP,Fixed semantic similarity threshold.,discovery,CENSORED_OR_MISSING,2026-09-10T16:10:20.341088+09:00,2026-09-10T19:58:48.330604+09:00
'26년7월중대재해사이렌(오픈채팅방)자료공개,,26년7월중대재해사이렌오픈채팅방자료공개,topic:중대재해사이렌,,,,낮음,,,,,0.3,0.2,0.4,0.4,,False,0,,,,,NEW,2026-09-10T16:10:20.341088+09:00,2026-09-10T19:58:48.330604+09:00,NAVER_SEARCHAD,0,UNVERIFIED,evergreen|informational,informational,NEW_PAGE,/kor/report/coin/aist-guide.html,NO_OVERLAP,Fixed semantic similarity threshold.,trend,CENSORED_OR_MISSING,2026-09-10T16:53:36.895183+09:00,2026-09-10T19:58:48.330604+09:00
2026년재정지원일자리사업성과평가결과,,2026년재정지원일자리사업성과평가결과,gov,,,,낮음,,,,,0.3,1,0.4,0.9,,False,0,,,,,NEW,2026-09-10T16:10:20.341088+09:00,2026-09-10T19:58:48.330604+09:00,NAVER_SEARCHAD,0,UNVERIFIED,current-information|informational,informational,NEW_PAGE,/kor/report/travel/국내-여행지.html,NO_OVERLAP,Fixed semantic similarity threshold.,trend,CENSORED_OR_MISSING,2026-09-10T16:53:36.895183+09:00,2026-09-10T19:58:48.330604+09:00
사업주와인사담당자를위한난임치료휴가및급여제도활용가이드,,사업주와인사담당자를위한난임치료휴가및급여제도활용가이드,topic:사업주와,,,,낮음,,,,,0.3,0.2,0.4,0.4,,False,0,,,,,NEW,2026-09-10T16:10:20.341088+09:00,2026-09-10T19:58:48.330604+09:00,NAVER_SEARCHAD,0,UNVERIFIED,evergreen|informational,informational,NEW_PAGE,/kor/report/coin/aig-guide.html,NO_OVERLAP,Fixed semantic similarity threshold.,trend,CENSORED_OR_MISSING,2026-09-10T16:53:36.895183+09:00,2026-09-10T19:58:48.330604+09:00
안전보건공시제 등 개정 「산업안전보건법령」 주요내용 안내,,안전보건공시제등개정산업안전보건법령주요내용안내,topic:안전보건공시제,,,,,,,,,0.3,0.2,0.4,0.4,,False,0,,,,,NEW,2026-09-10T16:10:20.341088+09:00,2026-09-10T19:58:48.330604+09:00,PUBLIC_RSS,0,UNVERIFIED,evergreen|informational,informational,NEW_PAGE,/kor/report/travel/north-korea-huicheon.html,NO_OVERLAP,Fixed semantic similarity threshold.,trend,,,2026-09-10T19:58:48.330604+09:00
퇴직연금통계('24년),,퇴직연금통계24년,finance,,,,낮음,,,,,0.3,0.2,0.18000000000000002,0.9,,False,0,,,,,REJECTED,2026-09-10T16:10:20.341088+09:00,2026-09-10T19:58:48.330604+09:00,NAVER_SEARCHAD,0,UNVERIFIED,evergreen|informational,informational,REJECT,/kor/report/window/windows11-dark-vs-light-mode-comparison.html,NO_OVERLAP,UNCLEAR_OR_BROAD_INTENT,trend,CENSORED_OR_MISSING,2026-09-10T16:10:20.341088+09:00,
CANVASFINGERPRINTTEST,,canvasfingerprinttest,topic:canvas,,,,낮음,,,,,0.3,0.2,0.4,0.4,,False,0,,,,,NEW,2026-09-10T16:14:37.698378+09:00,2026-09-10T19:58:48.330604+09:00,NAVER_SEARCHAD,0,UNVERIFIED,evergreen|informational,informational,NEW_PAGE,/game/ZombieSurvival/,NO_OVERLAP,Fixed semantic similarity threshold.,discovery,CENSORED_OR_MISSING,2026-09-10T16:14:37.698378+09:00,2026-09-10T19:58:48.330604+09:00
CONCRETEVOLUMECALCULATOR,,concretevolumecalculator,topic:concrete,,,,낮음,,,,,0.3,0.2,0.4,0.4,,False,0,,,,,NEW,2026-09-10T16:14:37.698378+09:00,2026-09-10T19:58:48.330604+09:00,NAVER_SEARCHAD,0,UNVERIFIED,evergreen|informational,informational,NEW_PAGE,/util/break-even-calculator/,LOW_OVERLAP,Fixed semantic similarity threshold.,discovery,CENSORED_OR_MISSING,2026-09-10T16:14:37.698378+09:00,2026-09-10T19:58:48.330604+09:00
FONTFINGERPRINTTEST,,fontfingerprinttest,topic:font,,,,낮음,,,,,0.3,0.2,0.38,0.4,,False,0,,,,,NEW,2026-09-10T16:14:37.698378+09:00,2026-09-10T19:58:48.330604+09:00,NAVER_SEARCHAD,0,UNVERIFIED,evergreen|informational,informational,NEW_PAGE,/jp/report/travel/libya-hun.html,NO_OVERLAP,Fixed semantic similarity threshold.,discovery,CENSORED_OR_MISSING,2026-09-10T16:14:37.698378+09:00,2026-09-10T19:58:48.330604+09:00
FUELCOSTANDTRIPCOSTCALCULATOR,,fuelcostandtripcostcalculator,topic:fuel,,,,낮음,,,,,0.3,0.2,0.4,0.4,,False,0,,,,,NEW,2026-09-10T16:14:37.698378+09:00,2026-09-10T19:58:48.330604+09:00,NAVER_SEARCHAD,0,UNVERIFIED,evergreen|informational,informational,WAIT_FOR_DATA,/util/fuel-cost-calculator/,MEDIUM_OVERLAP,Fixed semantic similarity threshold.,discovery,CENSORED_OR_MISSING,2026-09-10T16:14:37.698378+09:00,2026-09-10T19:58:48.330604+09:00
KEYBOARDFOCUSORDERCHECKLIST,,keyboardfocusorderchecklist,topic:keyboard,,,,낮음,,,,,0.3,0.2,0.4,0.4,,False,0,,,,,NEW,2026-09-10T16:14:37.698378+09:00,2026-09-10T19:58:48.330604+09:00,NAVER_SEARCHAD,0,UNVERIFIED,evergreen|informational,informational,NEW_PAGE,/kor/column/national-growth-fund-2026.html,NO_OVERLAP,Fixed semantic similarity threshold.,discovery,CENSORED_OR_MISSING,2026-09-10T18:28:14.200587+09:00,2026-09-10T19:58:48.330604+09:00
LOCALBROWSERFINGERPRINTREPORTCOMPARATOR,,localbrowserfingerprintreportcomparator,topic:local,,,,낮음,,,,,0.3,0.2,0.4,0.4,,False,0,,,,,NEW,2026-09-10T16:14:37.698378+09:00,2026-09-10T19:58:48.330604+09:00,NAVER_SEARCHAD,0,UNVERIFIED,evergreen|informational,informational,NEW_PAGE,/jp/report/travel/cambodia-kampong-cham.html,LOW_OVERLAP,Fixed semantic similarity threshold.,discovery,CENSORED_OR_MISSING,2026-09-10T16:14:37.698378+09:00,2026-09-10T19:58:48.330604+09:00
ON-DEVICEOCRSCANTOTEXT,,ondeviceocrscantotext,topic:on,,,,낮음,,,,,0.3,0.2,0.4,0.4,,False,0,,,,,NEW,2026-09-10T16:14:37.698378+09:00,2026-09-10T19:58:48.330604+09:00,NAVER_SEARCHAD,0,UNVERIFIED,evergreen|informational,informational,NEW_PAGE,/report/travel/denmark-randers.html,NO_OVERLAP,Fixed semantic similarity threshold.,discovery,CENSORED_OR_MISSING,2026-09-10T16:14:37.698378+09:00,2026-09-10T19:58:48.330604+09:00
PAINTCOVERAGECALCULATOR,,paintcoveragecalculator,topic:paint,,,,낮음,,,,,0.3,0.2,0.4,0.4,,False,0,,,,,NEW,2026-09-10T16:14:37.698378+09:00,2026-09-10T19:58:48.330604+09:00,NAVER_SEARCHAD,0,UNVERIFIED,evergreen|informational,informational,NEW_PAGE,/util/percentage-calculator/,LOW_OVERLAP,Fixed semantic similarity threshold.,discovery,CENSORED_OR_MISSING,2026-09-10T16:14:37.698378+09:00,2026-09-10T19:58:48.330604+09:00
PREFERSREDUCEDMOTIONGENERATOR,,prefersreducedmotiongenerator,topic:prefers,,,,낮음,,,,,0.3,0.2,0.4,0.4,,False,0,,,,,NEW,2026-09-10T16:14:37.698378+09:00,2026-09-10T19:58:48.330604+09:00,NAVER_SEARCHAD,0,UNVERIFIED,evergreen|informational,informational,NEW_PAGE,/util/uuid-generator/,NO_OVERLAP,Fixed semantic similarity threshold.,discovery,CENSORED_OR_MISSING,2026-09-10T16:14:37.698378+09:00,2026-09-10T19:58:48.330604+09:00
PRIVACYBROWSERCOMPARISONBYTHREATMODEL,,privacybrowsercomparisonbythreatmodel,topic:privacy,,,,낮음,,,,,0.3,0.2,0.4,0.4,,False,0,,,,,NEW,2026-09-10T16:14:37.698378+09:00,2026-09-10T19:58:48.330604+09:00,NAVER_SEARCHAD,0,UNVERIFIED,evergreen|informational,informational,NEW_PAGE,/util/EasyLetterWordCounter/,NO_OVERLAP,Fixed semantic similarity threshold.,discovery,CENSORED_OR_MISSING,2026-09-10T16:14:37.698378+09:00,2026-09-10T19:58:48.330604+09:00
READINGTIMEANDSPEAKINGTIMECALCULATOR,,readingtimeandspeakingtimecalculator,topic:reading,,,,낮음,,,,,0.3,0.2,0.4,0.4,,False,0,,,,,NEW,2026-09-10T16:26:54.062422+09:00,2026-09-10T19:58:48.330604+09:00,NAVER_SEARCHAD,0,UNVERIFIED,evergreen|informational,informational,WAIT_FOR_DATA,/util/reading-time/,MEDIUM_OVERLAP,Fixed semantic similarity threshold.,discovery,CENSORED_OR_MISSING,2026-09-10T16:26:54.062422+09:00,2026-09-10T19:58:48.330604+09:00
RESPONSIVEIMAGEASPECTRATIOCALCULATOR,,responsiveimageaspectratiocalculator,topic:responsive,,,,낮음,,,,,0.3,0.2,0.4,0.4,,False,0,,,,,NEW,2026-09-10T16:26:54.062422+09:00,2026-09-10T19:58:48.330604+09:00,NAVER_SEARCHAD,0,UNVERIFIED,evergreen|informational,informational,NEW_PAGE,/util/aspect-ratio/,LOW_OVERLAP,Fixed semantic similarity threshold.,discovery,CENSORED_OR_MISSING,2026-09-10T16:26:54.062422+09:00,2026-09-10T19:58:48.330604+09:00
RESPONSIVEIMAGESRCSETGENERATOR,,responsiveimagesrcsetgenerator,topic:responsive,,,,낮음,,,,,0.3,0.2,0.4,0.4,,False,0,,,,,NEW,2026-09-10T16:26:54.062422+09:00,2026-09-10T19:58:48.330604+09:00,NAVER_SEARCHAD,0,UNVERIFIED,evergreen|informational,informational,NEW_PAGE,/report/travel/italy-foggia.html,NO_OVERLAP,Fixed semantic similarity threshold.,discovery,CENSORED_OR_MISSING,2026-09-10T16:26:54.062422+09:00,2026-09-10T19:58:48.330604+09:00
SHOESIZECONVERTER,,shoesizeconverter,topic:shoe,,,,낮음,,,,,0.3,0.2,0.34,0.4,,False,0,,,,,NEW,2026-09-10T16:26:54.062422+09:00,2026-09-10T19:58:48.330604+09:00,NAVER_SEARCHAD,0,UNVERIFIED,evergreen|informational,informational,NEW_PAGE,/util/caseconverter/,LOW_OVERLAP,Fixed semantic similarity threshold.,discovery,CENSORED_OR_MISSING,2026-09-10T16:26:54.062422+09:00,2026-09-10T19:58:48.330604+09:00
TIMEZONEMEETINGPLANNER,,timezonemeetingplanner,topic:timezone,,,,낮음,,,,,0.3,0.2,0.4,0.4,,False,0,,,,,NEW,2026-09-10T16:26:54.062422+09:00,2026-09-10T19:58:48.330604+09:00,NAVER_SEARCHAD,0,UNVERIFIED,evergreen|informational,informational,NEW_PAGE,/in/game/Minesweeper/,NO_OVERLAP,Fixed semantic similarity threshold.,discovery,CENSORED_OR_MISSING,2026-09-10T16:26:54.062422+09:00,2026-09-10T19:58:48.330604+09:00
WEBACCESSIBILITYHEADINGCHECKER,,webaccessibilityheadingchecker,topic:web,,,,낮음,,,,,0.3,0.2,0.4,0.4,,False,0,,,,,NEW,2026-09-10T16:26:54.062422+09:00,2026-09-10T19:58:48.330604+09:00,NAVER_SEARCHAD,0,UNVERIFIED,evergreen|informational,informational,NEW_PAGE,/de/util/,NO_OVERLAP,Fixed semantic similarity threshold.,discovery,CENSORED_OR_MISSING,2026-09-10T16:26:54.062422+09:00,2026-09-10T19:58:48.330604+09:00
WORDSTOPAGESCALCULATOR,,wordstopagescalculator,topic:words,,,,낮음,,,,,0.3,0.2,0.4,0.4,,False,0,,,,,NEW,2026-09-10T16:26:54.062422+09:00,2026-09-10T19:58:48.330604+09:00,NAVER_SEARCHAD,0,UNVERIFIED,evergreen|informational,informational,NEW_PAGE,/util/gpa-calculator/,LOW_OVERLAP,Fixed semantic similarity threshold.,discovery,CENSORED_OR_MISSING,2026-09-10T16:26:54.062422+09:00,2026-09-10T19:58:48.330604+09:00
가격추적알림과실제구매가격재확인,,가격추적알림과실제구매가격재확인,topic:가격,,,,낮음,,,,,0.9,0.2,0.7200000000000001,0.4,,False,0,,,,,NEW,2026-09-10T16:26:54.062422+09:00,2026-09-10T19:58:48.330604+09:00,NAVER_SEARCHAD,0,UNVERIFIED,commercial|evergreen|informational,informational,NEW_PAGE,/kor/report/coin/avg-guide.html,NO_OVERLAP,Fixed semantic similarity threshold.,discovery,CENSORED_OR_MISSING,2026-09-10T16:26:54.062422+09:00,2026-09-10T19:58:48.330604+09:00
가족송금과재외공관지원요건,,가족송금과재외공관지원요건,gov,,,,낮음,,,,,0.3,0.2,0.26,0.9,,False,0,,,,,NEW,2026-09-10T16:26:54.062422+09:00,2026-09-10T19:58:48.330604+09:00,NAVER_SEARCHAD,0,UNVERIFIED,evergreen|informational,informational,NEW_PAGE,/kor/report/visa/guatemala.html,NO_OVERLAP,Fixed semantic similarity threshold.,discovery,CENSORED_OR_MISSING,2026-09-10T16:26:54.062422+09:00,2026-09-10T19:58:48.330604+09:00
건설일용근로자휴업수당계산,,건설일용근로자휴업수당계산,tools,,,,낮음,,,,,0.3,0.2,0.5850000000000001,0.9,,False,0,,,,,NEW,2026-09-10T16:26:54.062422+09:00,2026-09-10T19:58:48.330604+09:00,NAVER_SEARCHAD,0,UNVERIFIED,calculator/tool|evergreen|informational,calculator/tool,NEW_PAGE,/kor/util/japan-esim-data-calculator/,NO_OVERLAP,Fixed semantic similarity threshold.,discovery,CENSORED_OR_MISSING,2026-09-10T16:26:54.062422+09:00,2026-09-10T19:58:48.330604+09:00
고양이사료,,고양이사료,animal,5540,30000,35540,중간,,,,,0.3,0.2,0.1,0.9,,False,50,,,,,REJECTED,2026-09-10T16:53:36.895183+09:00,2026-09-10T19:58:48.330604+09:00,NAVER_SEARCHAD,0,MEDIUM,evergreen|informational,informational,REJECT,/kor/report/animal/pleco.html,NO_OVERLAP,UNCLEAR_OR_BROAD_INTENT,longtail,,2026-09-10T16:53:36.895183+09:00,
강아지사료,고양이 사료,고양이사료,animal,7040,27500,34540,중간,,,,,0.3,0.2,0.1,0.9,,False,50,,,,,REJECTED,2026-09-10T16:53:36.895183+09:00,2026-09-10T19:58:48.330604+09:00,NAVER_SEARCHAD,1,MEDIUM,evergreen|informational,informational,REJECT,/kor/report/animal/pleco.html,NO_OVERLAP,UNCLEAR_OR_BROAD_INTENT,longtail,,2026-09-10T16:53:36.895183+09:00,
강아지간식,고양이 사료,고양이사료,animal,5980,23400,29380,중간,,,,,0.3,0.2,0.1,0.9,,False,50,,,,,REJECTED,2026-09-10T16:53:36.895183+09:00,2026-09-10T19:58:48.330604+09:00,NAVER_SEARCHAD,1,MEDIUM,evergreen|informational,informational,REJECT,/kor/report/animal/prairiedog.html,NO_OVERLAP,UNCLEAR_OR_BROAD_INTENT,longtail,,2026-09-10T16:53:36.895183+09:00,
고양이사료추천,고양이 사료,고양이사료,animal,390,1920,2310,높음,,,,,0.9,0.2,0.315,0.9,,False,50,,,,,PUBLISHED,2026-09-10T16:53:36.895183+09:00,2026-09-10T19:58:48.330604+09:00,NAVER_SEARCHAD,1,MEDIUM,commercial|evergreen|informational,informational,NEW_PAGE,/kor/report/animal/pet-food-selector.html,NO_OVERLAP,Fixed semantic similarity threshold.,longtail,,2026-09-10T18:22:53.467440+09:00,2026-09-10T18:15:37.366810+09:00
고양이사료대용량,고양이 사료,고양이사료,animal,630,4940,5570,높음,,,,,0.3,0.2,0.16000000000000003,0.9,,False,50,,,,,REJECTED,2026-09-10T16:53:36.895183+09:00,2026-09-10T19:58:48.330604+09:00,NAVER_SEARCHAD,1,MEDIUM,evergreen|informational,informational,REJECT,/kor/report/costco/costco-beauty-2026.html,NO_OVERLAP,UNCLEAR_OR_BROAD_INTENT,longtail,,2026-09-10T16:53:36.895183+09:00,
고단백고양이사료,고양이 사료,고양이사료,animal,,10,,높음,,,,,0.3,0.2,0.16000000000000003,0.9,,False,0,,,,,REJECTED,2026-09-10T16:53:36.895183+09:00,2026-09-10T19:58:48.330604+09:00,NAVER_SEARCHAD,1,UNVERIFIED,evergreen|informational,informational,REJECT,/kor/report/animal/pleco.html,NO_OVERLAP,UNCLEAR_OR_BROAD_INTENT,longtail,CENSORED_OR_MISSING,2026-09-10T16:53:36.895183+09:00,
마마캣사료,고양이 사료,고양이사료,animal,,30,,중간,,,,,0.3,0.2,0.1,0.9,,False,0,,,,,REJECTED,2026-09-10T16:53:36.895183+09:00,2026-09-10T19:58:48.330604+09:00,NAVER_SEARCHAD,1,UNVERIFIED,evergreen|informational,informational,REJECT,/kor/report/animal/pleco.html,NO_OVERLAP,UNCLEAR_OR_BROAD_INTENT,longtail,CENSORED_OR_MISSING,2026-09-10T16:53:36.895183+09:00,
수입고양이사료,고양이 사료,고양이사료,animal,,,,높음,,,,,0.3,0.2,0.13999999999999999,0.9,,False,0,,,,,REJECTED,2026-09-10T16:53:36.895183+09:00,2026-09-10T19:58:48.330604+09:00,NAVER_SEARCHAD,1,UNVERIFIED,evergreen|informational,informational,REJECT,/kor/report/animal/pleco.html,NO_OVERLAP,UNCLEAR_OR_BROAD_INTENT,longtail,CENSORED_OR_MISSING,2026-09-10T16:53:36.895183+09:00,
시그니처서퍼,고양이 사료,고양이사료,animal,,30,,높음,,,,,0.3,0.2,0.12,0.9,,False,0,,,,,REJECTED,2026-09-10T16:53:36.895183+09:00,2026-09-10T19:58:48.330604+09:00,NAVER_SEARCHAD,1,UNVERIFIED,evergreen|informational,informational,REJECT,/kor/report/travel/philippines-pasig.html,NO_OVERLAP,UNCLEAR_OR_BROAD_INTENT,longtail,CENSORED_OR_MISSING,2026-09-10T16:53:36.895183+09:00,
캐나다고양이사료,고양이 사료,고양이사료,animal,,30,,높음,,,,,0.3,0.2,0.16000000000000003,0.9,,False,0,,,,,REJECTED,2026-09-10T16:53:36.895183+09:00,2026-09-10T19:58:48.330604+09:00,NAVER_SEARCHAD,1,UNVERIFIED,evergreen|informational,informational,REJECT,/kor/report/travel/canada-langley.html,NO_OVERLAP,UNCLEAR_OR_BROAD_INTENT,longtail,CENSORED_OR_MISSING,2026-09-10T16:53:36.895183+09:00,
턱드름사료,고양이 사료,고양이사료,animal,,20,,낮음,,,,,0.3,0.2,0.1,0.9,,False,0,,,,,REJECTED,2026-09-10T16:53:36.895183+09:00,2026-09-10T19:58:48.330604+09:00,NAVER_SEARCHAD,1,UNVERIFIED,evergreen|informational,informational,REJECT,/kor/report/animal/pleco.html,NO_OVERLAP,UNCLEAR_OR_BROAD_INTENT,longtail,CENSORED_OR_MISSING,2026-09-10T16:53:36.895183+09:00,
캣츠러브고양이사료,고양이 사료,고양이사료,animal,,10,,높음,,,,,0.3,0.2,0.18000000000000002,0.9,,False,0,,,,,REJECTED,2026-09-10T16:53:36.895183+09:00,2026-09-10T19:58:48.330604+09:00,NAVER_SEARCHAD,1,UNVERIFIED,evergreen|informational,informational,REJECT,/kor/report/animal/pleco.html,NO_OVERLAP,UNCLEAR_OR_BROAD_INTENT,longtail,CENSORED_OR_MISSING,2026-09-10T16:53:36.895183+09:00,
고양이대용량,고양이 사료,고양이사료,animal,,10,,높음,,,,,0.3,0.2,0.12,0.9,,False,0,,,,,REJECTED,2026-09-10T16:53:36.895183+09:00,2026-09-10T19:58:48.330604+09:00,NAVER_SEARCHAD,1,UNVERIFIED,evergreen|informational,informational,REJECT,/kor/report/costco/costco-beauty-2026.html,NO_OVERLAP,UNCLEAR_OR_BROAD_INTENT,longtail,CENSORED_OR_MISSING,2026-09-10T16:53:36.895183+09:00,
고급고양이사료,고양이 사료,고양이사료,animal,,10,,높음,,,,,0.3,0.2,0.13999999999999999,0.9,,False,0,,,,,REJECTED,2026-09-10T16:53:36.895183+09:00,2026-09-10T19:58:48.330604+09:00,NAVER_SEARCHAD,1,UNVERIFIED,evergreen|informational,informational,REJECT,/kor/report/animal/pleco.html,NO_OVERLAP,UNCLEAR_OR_BROAD_INTENT,longtail,CENSORED_OR_MISSING,2026-09-10T16:53:36.895183+09:00,
고양이사료순위,고양이 사료,고양이사료,animal,30,140,170,높음,,,,,0.3,0.2,0.13999999999999999,0.9,,False,50,,,,,REJECTED,2026-09-10T16:53:36.895183+09:00,2026-09-10T19:58:48.330604+09:00,NAVER_SEARCHAD,1,MEDIUM,evergreen|informational,informational,REJECT,/kor/report/coin/air-guide.html,NO_OVERLAP,UNCLEAR_OR_BROAD_INTENT,longtail,,2026-09-10T16:53:36.895183+09:00,
고양이사료임박,고양이 사료,고양이사료,animal,,70,,높음,,,,,0.3,0.2,0.13999999999999999,0.9,,False,0,,,,,REJECTED,2026-09-10T16:53:36.895183+09:00,2026-09-10T19:58:48.330604+09:00,NAVER_SEARCHAD,1,UNVERIFIED,evergreen|informational,informational,REJECT,/kor/report/animal/pleco.html,NO_OVERLAP,UNCLEAR_OR_BROAD_INTENT,longtail,CENSORED_OR_MISSING,2026-09-10T16:53:36.895183+09:00,
고양이사료할인,고양이 사료,고양이사료,animal,,60,,높음,,,,,0.3,0.2,0.13999999999999999,0.9,,False,0,,,,,REJECTED,2026-09-10T16:53:36.895183+09:00,2026-09-10T19:58:48.330604+09:00,NAVER_SEARCHAD,1,UNVERIFIED,evergreen|informational,informational,REJECT,/kor/report/animal/pleco.html,NO_OVERLAP,UNCLEAR_OR_BROAD_INTENT,longtail,CENSORED_OR_MISSING,2026-09-10T16:53:36.895183+09:00,
고양이생선사료,고양이 사료,고양이사료,animal,,10,,높음,,,,,0.3,0.2,0.13999999999999999,0.9,,False,0,,,,,REJECTED,2026-09-10T16:53:36.895183+09:00,2026-09-10T19:58:48.330604+09:00,NAVER_SEARCHAD,1,UNVERIFIED,evergreen|informational,informational,REJECT,/kor/report/animal/pleco.html,NO_OVERLAP,UNCLEAR_OR_BROAD_INTENT,longtail,CENSORED_OR_MISSING,2026-09-10T16:53:36.895183+09:00,
고양이수제사료,고양이 사료,고양이사료,animal,,20,,높음,,,,,0.3,0.2,0.13999999999999999,0.9,,False,0,,,,,REJECTED,2026-09-10T16:53:36.895183+09:00,2026-09-10T19:58:48.330604+09:00,NAVER_SEARCHAD,1,UNVERIFIED,evergreen|informational,informational,REJECT,/kor/report/animal/pleco.html,NO_OVERLAP,UNCLEAR_OR_BROAD_INTENT,longtail,CENSORED_OR_MISSING,2026-09-10T16:53:36.895183+09:00,
고양이저단백사료,고양이 사료,고양이사료,animal,10,40,50,높음,,,,,0.3,0.2,0.16000000000000003,0.9,,False,50,,,,,REJECTED,2026-09-10T16:53:36.895183+09:00,2026-09-10T19:58:48.330604+09:00,NAVER_SEARCHAD,1,MEDIUM,evergreen|informational,informational,REJECT,/kor/report/animal/pleco.html,NO_OVERLAP,UNCLEAR_OR_BROAD_INTENT,longtail,,2026-09-10T16:53:36.895183+09:00,
고양이키튼습식,고양이 사료,고양이사료,animal,20,90,110,높음,,,,,0.3,0.2,0.13999999999999999,0.9,,False,50,,,,,REJECTED,2026-09-10T16:53:36.895183+09:00,2026-09-10T19:58:48.330604+09:00,NAVER_SEARCHAD,1,MEDIUM,evergreen|informational,informational,REJECT,/kor/report/travel/korea-goyang.html,NO_OVERLAP,UNCLEAR_OR_BROAD_INTENT,longtail,,2026-09-10T16:53:36.895183+09:00,
길양이사료,고양이 사료,고양이사료,animal,140,260,400,높음,,,,,0.3,0.2,0.1,0.9,,False,50,,,,,REJECTED,2026-09-10T16:53:36.895183+09:00,2026-09-10T19:58:48.330604+09:00,NAVER_SEARCHAD,1,MEDIUM,evergreen|informational,informational,REJECT,/kor/report/animal/pleco.html,NO_OVERLAP,UNCLEAR_OR_BROAD_INTENT,longtail,,2026-09-10T16:53:36.895183+09:00,
집고양이사료,고양이 사료,고양이사료,animal,,20,,낮음,,,,,0.3,0.2,0.12,0.9,,False,0,,,,,REJECTED,2026-09-10T16:53:36.895183+09:00,2026-09-10T19:58:48.330604+09:00,NAVER_SEARCHAD,1,UNVERIFIED,evergreen|informational,informational,REJECT,/kor/report/animal/pleco.html,NO_OVERLAP,UNCLEAR_OR_BROAD_INTENT,longtail,CENSORED_OR_MISSING,2026-09-10T16:53:36.895183+09:00,
고양이가잘먹는사료,고양이 사료,고양이사료,animal,,40,,높음,,,,,0.3,0.2,0.18000000000000002,0.9,,False,0,,,,,REJECTED,2026-09-10T16:53:36.895183+09:00,2026-09-10T19:58:48.330604+09:00,NAVER_SEARCHAD,1,UNVERIFIED,evergreen|informational,informational,REJECT,/kor/report/animal/pleco.html,NO_OVERLAP,UNCLEAR_OR_BROAD_INTENT,longtail,CENSORED_OR_MISSING,2026-09-10T16:53:36.895183+09:00,
고양이사료종류,고양이 사료,고양이사료,animal,20,70,90,높음,,,,,0.3,0.2,0.13999999999999999,0.9,,False,50,,,,,REJECTED,2026-09-10T16:53:36.895183+09:00,2026-09-10T19:58:48.330604+09:00,NAVER_SEARCHAD,1,MEDIUM,evergreen|informational,informational,REJECT,/kor/report/animal/catfish.html,LOW_OVERLAP,UNCLEAR_OR_BROAD_INTENT,longtail,,2026-09-10T16:53:36.895183+09:00,
고양이대형사료,고양이 사료,고양이사료,animal,,30,,높음,,,,,0.3,0.2,0.13999999999999999,0.9,,False,0,,,,,REJECTED,2026-09-10T16:53:36.895183+09:00,2026-09-10T19:58:48.330604+09:00,NAVER_SEARCHAD,1,UNVERIFIED,evergreen|informational,informational,REJECT,/kor/report/animal/pleco.html,NO_OVERLAP,UNCLEAR_OR_BROAD_INTENT,longtail,CENSORED_OR_MISSING,2026-09-10T16:53:36.895183+09:00,
고양이사료가격,고양이 사료,고양이사료,animal,,80,,높음,,,,,0.9,0.2,0.315,0.9,,False,0,,,,,NEW,2026-09-10T16:53:36.895183+09:00,2026-09-10T19:58:48.330604+09:00,NAVER_SEARCHAD,1,UNVERIFIED,commercial|evergreen|informational,informational,NEW_PAGE,/kor/report/coin/aixcb-guide.html,NO_OVERLAP,Fixed semantic similarity threshold.,longtail,CENSORED_OR_MISSING,2026-09-10T18:15:37.366810+09:00,2026-09-10T16:53:36.895183+09:00
고양이사료값,고양이 사료,고양이사료,animal,30,20,50,높음,,,,,0.3,0.2,0.12,0.9,,False,50,,,,,REJECTED,2026-09-10T16:53:36.895183+09:00,2026-09-10T19:58:48.330604+09:00,NAVER_SEARCHAD,1,MEDIUM,evergreen|informational,informational,REJECT,/kor/report/animal/pleco.html,NO_OVERLAP,UNCLEAR_OR_BROAD_INTENT,longtail,,2026-09-10T16:53:36.895183+09:00,
고양이전연령사료,고양이 사료,고양이사료,animal,,60,,높음,,,,,0.3,0.2,0.16000000000000003,0.9,,False,0,,,,,REJECTED,2026-09-10T16:53:36.895183+09:00,2026-09-10T19:58:48.330604+09:00,NAVER_SEARCHAD,1,UNVERIFIED,evergreen|informational,informational,REJECT,/kor/report/animal/pleco.html,NO_OVERLAP,UNCLEAR_OR_BROAD_INTENT,longtail,CENSORED_OR_MISSING,2026-09-10T16:53:36.895183+09:00,
페르시안고양이사료,고양이 사료,고양이사료,animal,,20,,높음,,,,,0.3,0.2,0.18000000000000002,0.9,,False,0,,,,,REJECTED,2026-09-10T16:53:36.895183+09:00,2026-09-10T19:58:48.330604+09:00,NAVER_SEARCHAD,1,UNVERIFIED,evergreen|informational,informational,REJECT,/kor/report/travel/iran-shiraz.html,NO_OVERLAP,UNCLEAR_OR_BROAD_INTENT,longtail,CENSORED_OR_MISSING,2026-09-10T16:53:36.895183+09:00,
고양이신장처방식,고양이 사료,고양이사료,animal,10,20,30,높음,,,,,0.3,0.2,0.16000000000000003,0.9,,False,50,,,,,REJECTED,2026-09-10T16:53:36.895183+09:00,2026-09-10T19:58:48.330604+09:00,NAVER_SEARCHAD,1,MEDIUM,evergreen|informational,informational,REJECT,/kor/report/camp-gear/camping-lantern-recommendation.html,NO_OVERLAP,UNCLEAR_OR_BROAD_INTENT,longtail,,2026-09-10T16:53:36.895183+09:00,
대용량고양이사료,고양이 사료,고양이사료,animal,300,410,710,중간,,,,,0.3,0.2,0.16000000000000003,0.9,,False,50,,,,,REJECTED,2026-09-10T16:53:36.895183+09:00,2026-09-10T19:58:48.330604+09:00,NAVER_SEARCHAD,1,MEDIUM,evergreen|informational,informational,REJECT,/kor/report/costco/costco-beauty-2026.html,NO_OVERLAP,UNCLEAR_OR_BROAD_INTENT,longtail,,2026-09-10T16:53:36.895183+09:00,
고양이사료등급,고양이 사료,고양이사료,animal,90,320,410,높음,,,,,0.3,0.2,0.13999999999999999,0.9,,False,50,,,,,REJECTED,2026-09-10T16:53:36.895183+09:00,2026-09-10T19:58:48.330604+09:00,NAVER_SEARCHAD,1,MEDIUM,evergreen|informational,informational,REJECT,/kor/report/animal/pleco.html,NO_OVERLAP,UNCLEAR_OR_BROAD_INTENT,longtail,,2026-09-10T16:53:36.895183+09:00,
냥이사료,고양이 사료,고양이사료,animal,,140,,높음,,,,,0.3,0.2,0.08000000000000002,0.9,,False,0,,,,,REJECTED,2026-09-10T16:53:36.895183+09:00,2026-09-10T19:58:48.330604+09:00,NAVER_SEARCHAD,1,UNVERIFIED,evergreen|informational,informational,REJECT,/kor/report/animal/pleco.html,NO_OVERLAP,UNCLEAR_OR_BROAD_INTENT,longtail,CENSORED_OR_MISSING,2026-09-10T16:53:36.895183+09:00,
고양이대용량사료,고양이 사료,고양이사료,animal,60,380,440,중간,,,,,0.3,0.2,0.16000000000000003,0.9,,False,50,,,,,REJECTED,2026-09-10T16:53:36.895183+09:00,2026-09-10T19:58:48.330604+09:00,NAVER_SEARCHAD,1,MEDIUM,evergreen|informational,informational,REJECT,/kor/report/costco/costco-beauty-2026.html,NO_OVERLAP,UNCLEAR_OR_BROAD_INTENT,longtail,,2026-09-10T16:53:36.895183+09:00,
뱅갈고양이사료,고양이 사료,고양이사료,animal,,10,,높음,,,,,0.3,0.2,0.13999999999999999,0.9,,False,0,,,,,REJECTED,2026-09-10T16:53:36.895183+09:00,2026-09-10T19:58:48.330604+09:00,NAVER_SEARCHAD,1,UNVERIFIED,evergreen|informational,informational,REJECT,/kor/report/animal/pleco.html,NO_OVERLAP,UNCLEAR_OR_BROAD_INTENT,longtail,CENSORED_OR_MISSING,2026-09-10T16:53:36.895183+09:00,
기호성좋은고양이사료,고양이 사료,고양이사료,animal,80,200,280,높음,,,,,0.3,0.2,0.2,0.9,,False,50,,,,,NEW,2026-09-10T16:53:36.895183+09:00,2026-09-10T19:58:48.330604+09:00,NAVER_SEARCHAD,1,MEDIUM,evergreen|informational,informational,NEW_PAGE,/kor/report/animal/pleco.html,NO_OVERLAP,Fixed semantic similarity threshold.,longtail,,2026-09-10T18:15:37.366810+09:00,2026-09-10T18:15:37.366810+09:00
고양이건식사료,고양이 사료,고양이사료,animal,40,220,260,높음,,,,,0.3,0.2,0.13999999999999999,0.9,,False,50,,,,,REJECTED,2026-09-10T16:53:36.895183+09:00,2026-09-10T19:58:48.330604+09:00,NAVER_SEARCHAD,1,MEDIUM,evergreen|informational,informational,REJECT,/kor/report/animal/meerkat.html,NO_OVERLAP,UNCLEAR_OR_BROAD_INTENT,longtail,,2026-09-10T16:53:36.895183+09:00,
고양이돌보기,고양이 사료,고양이사료,animal,,10,,중간,,,,,0.3,0.2,0.12,0.9,,False,0,,,,,REJECTED,2026-09-10T16:53:36.895183+09:00,2026-09-10T19:58:48.330604+09:00,NAVER_SEARCHAD,1,UNVERIFIED,evergreen|informational,informational,REJECT,/kor/report/travel/korea-goyang.html,NO_OVERLAP,UNCLEAR_OR_BROAD_INTENT,longtail,CENSORED_OR_MISSING,2026-09-10T16:53:36.895183+09:00,
길고양이사료추천,고양이 사료,고양이사료,animal,40,280,320,높음,,,,,0.9,0.2,0.36000000000000004,0.9,,False,50,,,,,NEW,2026-09-10T16:53:36.895183+09:00,2026-09-10T19:58:48.330604+09:00,NAVER_SEARCHAD,1,MEDIUM,commercial|evergreen|informational,informational,NEW_PAGE,/kor/report/animal/pleco.html,NO_OVERLAP,Fixed semantic similarity threshold.,longtail,,2026-09-10T18:15:37.366810+09:00,2026-09-10T18:15:37.366810+09:00
고양이사료10KG,고양이 사료,고양이사료,animal,60,250,310,높음,,,,,0.3,0.2,0.18000000000000002,0.9,,False,50,,,,,REJECTED,2026-09-10T16:53:36.895183+09:00,2026-09-10T19:58:48.330604+09:00,NAVER_SEARCHAD,1,MEDIUM,evergreen|informational,informational,REJECT,/kor/stockwiki/stocks/051910/,NO_OVERLAP,UNCLEAR_OR_BROAD_INTENT,longtail,,2026-09-10T16:53:36.895183+09:00,
고양이사료브랜드,고양이 사료,고양이사료,animal,40,120,160,높음,,,,,0.3,0.2,0.16000000000000003,0.9,,False,50,,,,,REJECTED,2026-09-10T16:53:36.895183+09:00,2026-09-10T19:58:48.330604+09:00,NAVER_SEARCHAD,1,MEDIUM,evergreen|informational,informational,REJECT,/kor/report/animal/pleco.html,LOW_OVERLAP,UNCLEAR_OR_BROAD_INTENT,longtail,,2026-09-10T16:53:36.895183+09:00,
유기농고양이사료,고양이 사료,고양이사료,animal,,70,,높음,,,,,0.3,0.2,0.16000000000000003,0.9,,False,0,,,,,REJECTED,2026-09-10T16:53:36.895183+09:00,2026-09-10T19:58:48.330604+09:00,NAVER_SEARCHAD,1,UNVERIFIED,evergreen|informational,informational,REJECT,/kor/report/animal/pleco.html,NO_OVERLAP,UNCLEAR_OR_BROAD_INTENT,longtail,CENSORED_OR_MISSING,2026-09-10T16:53:36.895183+09:00,
고양이피부병연고,고양이 사료,고양이사료,animal,,60,,높음,,,,,0.3,0.2,0.16000000000000003,0.9,,False,0,,,,,REJECTED,2026-09-10T16:53:36.895183+09:00,2026-09-10T19:58:48.330604+09:00,NAVER_SEARCHAD,1,UNVERIFIED,evergreen|informational,informational,REJECT,/kor/report/travel/korea-goyang.html,NO_OVERLAP,UNCLEAR_OR_BROAD_INTENT,longtail,CENSORED_OR_MISSING,2026-09-10T16:53:36.895183+09:00,
고양이맘,고양이 사료,고양이사료,animal,10,30,40,높음,,,,,0.3,0.2,0.08000000000000002,0.9,,False,50,,,,,REJECTED,2026-09-10T16:53:36.895183+09:00,2026-09-10T19:58:48.330604+09:00,NAVER_SEARCHAD,1,MEDIUM,evergreen|informational,informational,REJECT,/kor/report/travel/korea-goyang.html,NO_OVERLAP,UNCLEAR_OR_BROAD_INTENT,longtail,,2026-09-10T16:53:36.895183+09:00,
고양이건사료,고양이 사료,고양이사료,animal,20,120,140,중간,,,,,0.3,0.2,0.12,0.9,,False,50,,,,,REJECTED,2026-09-10T16:53:36.895183+09:00,2026-09-10T19:58:48.330604+09:00,NAVER_SEARCHAD,1,MEDIUM,evergreen|informational,informational,REJECT,/kor/report/animal/pleco.html,NO_OVERLAP,UNCLEAR_OR_BROAD_INTENT,longtail,,2026-09-10T16:53:36.895183+09:00,
길냥이사료,고양이 사료,고양이사료,animal,350,1450,1800,높음,,,,,0.3,0.2,0.1,0.9,,False,50,,,,,REJECTED,2026-09-10T16:53:36.895183+09:00,2026-09-10T19:58:48.330604+09:00,NAVER_SEARCHAD,1,MEDIUM,evergreen|informational,informational,REJECT,/kor/report/animal/pleco.html,NO_OVERLAP,UNCLEAR_OR_BROAD_INTENT,longtail,,2026-09-10T16:53:36.895183+09:00,
반려견식품,고양이 사료,고양이사료,animal,,,,높음,,,,,0.3,0.2,0.1,0.9,,False,0,,,,,REJECTED,2026-09-10T16:53:36.895183+09:00,2026-09-10T19:58:48.330604+09:00,NAVER_SEARCHAD,1,UNVERIFIED,evergreen|informational,informational,REJECT,/kor/report/animal/raccoon.html,NO_OVERLAP,UNCLEAR_OR_BROAD_INTENT,longtail,CENSORED_OR_MISSING,2026-09-10T16:53:36.895183+09:00,
길고양이사료20KG,고양이 사료,고양이사료,animal,150,350,500,중간,,,,,0.3,0.2,0.2,0.9,,False,50,,,,,NEW,2026-09-10T16:53:36.895183+09:00,2026-09-10T19:58:48.330604+09:00,NAVER_SEARCHAD,1,MEDIUM,evergreen|informational,informational,NEW_PAGE,/kor/stockwiki/stocks/035720/,NO_OVERLAP,Fixed semantic similarity threshold.,longtail,,2026-09-10T18:15:37.366810+09:00,2026-09-10T18:15:37.366810+09:00
길고양이사료,고양이 사료,고양이사료,animal,710,3310,4020,중간,,,,,0.3,0.2,0.12,0.9,,False,50,,,,,REJECTED,2026-09-10T16:53:36.895183+09:00,2026-09-10T19:58:48.330604+09:00,NAVER_SEARCHAD,1,MEDIUM,evergreen|informational,informational,REJECT,/kor/report/animal/pleco.html,NO_OVERLAP,UNCLEAR_OR_BROAD_INTENT,longtail,,2026-09-10T16:53:36.895183+09:00,
날짜계산,,날짜계산,tools,29100,32300,61400,낮음,,,,,0.3,0.2,0.18000000000000002,0.9,,False,50,,,,,PUBLISHED,2026-09-10T16:53:36.895183+09:00,2026-09-10T19:58:48.330604+09:00,NAVER_SEARCHAD,0,MEDIUM,calculator/tool|evergreen|informational,calculator/tool,NEW_PAGE,/kor/util/date-calculator/,NO_OVERLAP,Fixed semantic similarity threshold.,longtail,,2026-09-10T18:15:37.366810+09:00,2026-09-10T18:15:37.366810+09:00
비자신청,,비자신청,visa,290,510,800,높음,,,,,0.3,0.2,0.18000000000000002,0.9,,False,50,,EXPERIMENT_THEME,,,NEW,2026-09-10T16:53:36.895183+09:00,2026-09-10T19:58:48.330604+09:00,NAVER_SEARCHAD,0,MEDIUM,evergreen|how-to|informational,how-to,NEW_PAGE,/kor/report/visa/,NO_OVERLAP,Fixed semantic similarity threshold.,longtail,,2026-09-10T18:15:37.366810+09:00,2026-09-10T18:15:37.366810+09:00
미국어학연수,비자 신청,비자신청,visa,240,690,930,높음,,,,,0.3,0.2,0.12,0.9,,False,50,,EXPERIMENT_THEME,,,REJECTED,2026-09-10T16:53:36.895183+09:00,2026-09-10T19:58:48.330604+09:00,NAVER_SEARCHAD,1,MEDIUM,evergreen|informational,informational,REJECT,/kor/report/visa/korea.html,NO_OVERLAP,UNCLEAR_OR_BROAD_INTENT,longtail,,2026-09-10T16:53:36.895183+09:00,
미국비자,비자 신청,비자신청,visa,5900,13600,19500,높음,,,,,0.3,0.2,0.08000000000000002,0.9,,False,50,,EXPERIMENT_THEME,,,REJECTED,2026-09-10T16:53:36.895183+09:00,2026-09-10T19:58:48.330604+09:00,NAVER_SEARCHAD,1,MEDIUM,evergreen|informational,informational,REJECT,/kor/report/visa/america.html,NO_OVERLAP,UNCLEAR_OR_BROAD_INTENT,longtail,,2026-09-10T16:53:36.895183+09:00,
중국비자대행,비자 신청,비자신청,visa,210,340,550,높음,,,,,0.3,0.2,0.12,0.9,,False,50,,EXPERIMENT_THEME,,,REJECTED,2026-09-10T16:53:36.895183+09:00,2026-09-10T19:58:48.330604+09:00,NAVER_SEARCHAD,1,MEDIUM,evergreen|informational,informational,REJECT,/kor/report/visa/china.html,NO_OVERLAP,UNCLEAR_OR_BROAD_INTENT,longtail,,2026-09-10T16:53:36.895183+09:00,
E7비자,비자 신청,비자신청,visa,910,430,1340,높음,,,,,0.3,0.2,0.08000000000000002,0.9,,False,50,,EXPERIMENT_THEME,,,REJECTED,2026-09-10T16:53:36.895183+09:00,2026-09-10T19:58:48.330604+09:00,NAVER_SEARCHAD,1,MEDIUM,evergreen|informational,informational,REJECT,/kor/report/visa/,NO_OVERLAP,UNCLEAR_OR_BROAD_INTENT,longtail,,2026-09-10T16:53:36.895183+09:00,
F4비자,비자 신청,비자신청,visa,910,580,1490,높음,,,,,0.3,0.2,0.08000000000000002,0.9,,False,50,,EXPERIMENT_THEME,,,REJECTED,2026-09-10T16:53:36.895183+09:00,2026-09-10T19:58:48.330604+09:00,NAVER_SEARCHAD,1,MEDIUM,evergreen|informational,informational,REJECT,/kor/report/visa/,NO_OVERLAP,UNCLEAR_OR_BROAD_INTENT,longtail,,2026-09-10T16:53:36.895183+09:00,
유학비자,비자 신청,비자신청,visa,80,200,280,높음,,,,,0.3,0.2,0.08000000000000002,0.9,,False,50,,EXPERIMENT_THEME,,,REJECTED,2026-09-10T16:53:36.895183+09:00,2026-09-10T19:58:48.330604+09:00,NAVER_SEARCHAD,1,MEDIUM,evergreen|informational,informational,REJECT,/kor/report/visa/china.html,LOW_OVERLAP,UNCLEAR_OR_BROAD_INTENT,longtail,,2026-09-10T16:53:36.895183+09:00,
중국비자발급,비자 신청,비자신청,visa,220,420,640,높음,,,,,0.3,0.2,0.12,0.9,,False,50,,EXPERIMENT_THEME,,,REJECTED,2026-09-10T16:53:36.895183+09:00,2026-09-10T19:58:48.330604+09:00,NAVER_SEARCHAD,1,MEDIUM,evergreen|informational,informational,REJECT,/kor/report/visa/srilanka.html,NO_OVERLAP,UNCLEAR_OR_BROAD_INTENT,longtail,,2026-09-10T16:53:36.895183+09:00,
미국비자신청,비자 신청,비자신청,visa,2010,2790,4800,높음,,,,,0.3,0.2,0.27,0.9,,False,50,,EXPERIMENT_THEME,,,NEW,2026-09-10T16:53:36.895183+09:00,2026-09-10T19:58:48.330604+09:00,NAVER_SEARCHAD,1,MEDIUM,evergreen|how-to|informational,how-to,NEW_PAGE,/kor/report/visa/america.html,NO_OVERLAP,Fixed semantic similarity threshold.,longtail,,2026-09-10T18:15:37.366810+09:00,2026-09-10T18:15:37.366810+09:00
EAST비자,비자 신청,비자신청,visa,10,10,20,높음,,,,,0.3,0.2,0.12,0.9,,False,50,,EXPERIMENT_THEME,,,REJECTED,2026-09-10T16:53:36.895183+09:00,2026-09-10T19:58:48.330604+09:00,NAVER_SEARCHAD,1,MEDIUM,evergreen|informational,informational,REJECT,/kor/report/coin/asto-guide.html,NO_OVERLAP,UNCLEAR_OR_BROAD_INTENT,longtail,,2026-09-10T16:53:36.895183+09:00,
미국비자상담,비자 신청,비자신청,visa,,60,,높음,,,,,0.3,0.2,0.12,0.9,,False,0,,EXPERIMENT_THEME,,,REJECTED,2026-09-10T16:53:36.895183+09:00,2026-09-10T19:58:48.330604+09:00,NAVER_SEARCHAD,1,UNVERIFIED,evergreen|informational,informational,REJECT,/kor/report/visa/america.html,NO_OVERLAP,UNCLEAR_OR_BROAD_INTENT,longtail,CENSORED_OR_MISSING,2026-09-10T16:53:36.895183+09:00,
E9비자,비자 신청,비자신청,visa,500,400,900,높음,,,,,0.3,0.2,0.08000000000000002,0.9,,False,50,,EXPERIMENT_THEME,,,REJECTED,2026-09-10T16:53:36.895183+09:00,2026-09-10T19:58:48.330604+09:00,NAVER_SEARCHAD,1,MEDIUM,evergreen|informational,informational,REJECT,/kor/report/visa/,NO_OVERLAP,UNCLEAR_OR_BROAD_INTENT,longtail,,2026-09-10T16:53:36.895183+09:00,
미국비자컨설팅,비자 신청,비자신청,visa,,,,높음,,,,,0.3,0.2,0.13999999999999999,0.9,,False,0,,EXPERIMENT_THEME,,,REJECTED,2026-09-10T16:53:36.895183+09:00,2026-09-10T19:58:48.330604+09:00,NAVER_SEARCHAD,1,UNVERIFIED,evergreen|informational,informational,REJECT,/kor/report/visa/america.html,NO_OVERLAP,UNCLEAR_OR_BROAD_INTENT,longtail,CENSORED_OR_MISSING,2026-09-10T16:53:36.895183+09:00,
중국비자신청,비자 신청,비자신청,visa,70,140,210,높음,,,,,0.3,0.2,0.27,0.9,,False,50,,EXPERIMENT_THEME,,,NEW,2026-09-10T16:53:36.895183+09:00,2026-09-10T19:58:48.330604+09:00,NAVER_SEARCHAD,1,MEDIUM,evergreen|how-to|informational,how-to,NEW_PAGE,/kor/report/visa/china.html,NO_OVERLAP,Fixed semantic similarity threshold.,longtail,,2026-09-10T18:15:37.366810+09:00,2026-09-10T18:15:37.366810+09:00
비자대행,비자 신청,비자신청,visa,60,90,150,높음,,,,,0.3,0.2,0.08000000000000002,0.9,,False,50,,EXPERIMENT_THEME,,,REJECTED,2026-09-10T16:53:36.895183+09:00,2026-09-10T19:58:48.330604+09:00,NAVER_SEARCHAD,1,MEDIUM,evergreen|informational,informational,REJECT,/kor/report/visa/,NO_OVERLAP,UNCLEAR_OR_BROAD_INTENT,longtail,,2026-09-10T16:53:36.895183+09:00,
미국비자대행,비자 신청,비자신청,visa,90,150,240,높음,,,,,0.3,0.2,0.12,0.9,,False,50,,EXPERIMENT_THEME,,,REJECTED,2026-09-10T16:53:36.895183+09:00,2026-09-10T19:58:48.330604+09:00,NAVER_SEARCHAD,1,MEDIUM,evergreen|informational,informational,REJECT,/kor/report/visa/america.html,NO_OVERLAP,UNCLEAR_OR_BROAD_INTENT,longtail,,2026-09-10T16:53:36.895183+09:00,
중국비자비용,비자 신청,비자신청,visa,210,810,1020,높음,,,,,0.9,0.2,0.27,0.9,,False,50,,EXPERIMENT_THEME,,,NEW,2026-09-10T16:53:36.895183+09:00,2026-09-10T19:58:48.330604+09:00,NAVER_SEARCHAD,1,MEDIUM,commercial|evergreen|informational,informational,NEW_PAGE,/kor/report/visa/burundi.html,LOW_OVERLAP,Fixed semantic similarity threshold.,longtail,,2026-09-10T18:15:37.366810+09:00,2026-09-10T18:15:37.366810+09:00
비자발급,비자 신청,비자신청,visa,620,2500,3120,높음,,,,,0.3,0.2,0.08000000000000002,0.9,,False,50,,EXPERIMENT_THEME,,,REJECTED,2026-09-10T16:53:36.895183+09:00,2026-09-10T19:58:48.330604+09:00,NAVER_SEARCHAD,1,MEDIUM,evergreen|informational,informational,REJECT,/kor/report/visa/srilanka.html,LOW_OVERLAP,UNCLEAR_OR_BROAD_INTENT,longtail,,2026-09-10T16:53:36.895183+09:00,
중국관광비자,비자 신청,비자신청,visa,180,540,720,높음,,,,,0.3,0.2,0.12,0.9,,False,50,,EXPERIMENT_THEME,,,REJECTED,2026-09-10T16:53:36.895183+09:00,2026-09-10T19:58:48.330604+09:00,NAVER_SEARCHAD,1,MEDIUM,evergreen|informational,informational,REJECT,/kor/report/visa/northkorea.html,LOW_OVERLAP,UNCLEAR_OR_BROAD_INTENT,longtail,,2026-09-10T16:53:36.895183+09:00,
미국비자종류,비자 신청,비자신청,visa,340,710,1050,높음,,,,,0.3,0.2,0.12,0.9,,False,50,,EXPERIMENT_THEME,,,REJECTED,2026-09-10T16:53:36.895183+09:00,2026-09-10T19:58:48.330604+09:00,NAVER_SEARCHAD,1,MEDIUM,evergreen|informational,informational,REJECT,/kor/report/visa/america.html,HIGH_OVERLAP,UNCLEAR_OR_BROAD_INTENT,longtail,,2026-09-10T16:53:36.895183+09:00,
외국인비자,비자 신청,비자신청,visa,300,350,650,높음,,,,,0.3,0.2,0.1,0.9,,False,50,,EXPERIMENT_THEME,,,REJECTED,2026-09-10T16:53:36.895183+09:00,2026-09-10T19:58:48.330604+09:00,NAVER_SEARCHAD,1,MEDIUM,evergreen|informational,informational,REJECT,/kor/report/visa/comoros.html,NO_OVERLAP,UNCLEAR_OR_BROAD_INTENT,longtail,,2026-09-10T16:53:36.895183+09:00,
미국비자거절,비자 신청,비자신청,visa,190,330,520,높음,,,,,0.3,0.2,0.12,0.9,,False,50,,EXPERIMENT_THEME,,,REJECTED,2026-09-10T16:53:36.895183+09:00,2026-09-10T19:58:48.330604+09:00,NAVER_SEARCHAD,1,MEDIUM,evergreen|informational,informational,REJECT,/kor/report/visa/america.html,NO_OVERLAP,UNCLEAR_OR_BROAD_INTENT,longtail,,2026-09-10T16:53:36.895183+09:00,
미국비자발급,비자 신청,비자신청,visa,1460,4230,5690,높음,,,,,0.3,0.2,0.12,0.9,,False,50,,EXPERIMENT_THEME,,,REJECTED,2026-09-10T16:53:36.895183+09:00,2026-09-10T19:58:48.330604+09:00,NAVER_SEARCHAD,1,MEDIUM,evergreen|informational,informational,REJECT,/kor/report/visa/srilanka.html,NO_OVERLAP,UNCLEAR_OR_BROAD_INTENT,longtail,,2026-09-10T16:53:36.895183+09:00,
외국인취업비자,비자 신청,비자신청,visa,180,370,550,높음,,,,,0.3,0.2,0.13999999999999999,0.9,,False,50,,EXPERIMENT_THEME,,,REJECTED,2026-09-10T16:53:36.895183+09:00,2026-09-10T19:58:48.330604+09:00,NAVER_SEARCHAD,1,MEDIUM,evergreen|informational,informational,REJECT,/kor/report/visa/brunei.html,LOW_OVERLAP,UNCLEAR_OR_BROAD_INTENT,longtail,,2026-09-10T16:53:36.895183+09:00,
D10비자,비자 신청,비자신청,visa,500,440,940,높음,,,,,0.3,0.2,0.1,0.9,,False,50,,EXPERIMENT_THEME,,,REJECTED,2026-09-10T16:53:36.895183+09:00,2026-09-10T19:58:48.330604+09:00,NAVER_SEARCHAD,1,MEDIUM,evergreen|informational,informational,REJECT,/kor/report/ios26-analysis.html,NO_OVERLAP,UNCLEAR_OR_BROAD_INTENT,longtail,,2026-09-10T16:53:36.895183+09:00,
중국여행비자,비자 신청,비자신청,visa,750,2500,3250,높음,,,,,0.3,0.2,0.12,0.9,,False,50,,EXPERIMENT_THEME,,,REJECTED,2026-09-10T16:53:36.895183+09:00,2026-09-10T19:58:48.330604+09:00,NAVER_SEARCHAD,1,MEDIUM,evergreen|informational,informational,REJECT,/kor/report/travel/slovakia-prievidza.html,NO_OVERLAP,UNCLEAR_OR_BROAD_INTENT,longtail,,2026-09-10T16:53:36.895183+09:00,
비자행정사,비자 신청,비자신청,visa,50,60,110,높음,,,,,0.3,0.2,0.1,0.9,,False,50,,EXPERIMENT_THEME,,,REJECTED,2026-09-10T16:53:36.895183+09:00,2026-09-10T19:58:48.330604+09:00,NAVER_SEARCHAD,1,MEDIUM,evergreen|informational,informational,REJECT,/kor/report/visa/,NO_OVERLAP,UNCLEAR_OR_BROAD_INTENT,longtail,,2026-09-10T16:53:36.895183+09:00,
미국유학,비자 신청,비자신청,visa,440,1210,1650,높음,,,,,0.3,0.2,0.08000000000000002,0.9,,False,50,,EXPERIMENT_THEME,,,REJECTED,2026-09-10T16:53:36.895183+09:00,2026-09-10T19:58:48.330604+09:00,NAVER_SEARCHAD,1,MEDIUM,evergreen|informational,informational,REJECT,/kor/report/visa/brazil.html,NO_OVERLAP,UNCLEAR_OR_BROAD_INTENT,longtail,,2026-09-10T16:53:36.895183+09:00,
중국비자발급대행,비자 신청,비자신청,visa,30,20,50,높음,,,,,0.3,0.2,0.16000000000000003,0.9,,False,50,,EXPERIMENT_THEME,,,REJECTED,2026-09-10T16:53:36.895183+09:00,2026-09-10T19:58:48.330604+09:00,NAVER_SEARCHAD,1,MEDIUM,evergreen|informational,informational,REJECT,/kor/report/visa/srilanka.html,NO_OVERLAP,UNCLEAR_OR_BROAD_INTENT,longtail,,2026-09-10T16:53:36.895183+09:00,
출입국행정사,비자 신청,비자신청,visa,70,90,160,높음,,,,,0.3,0.2,0.12,0.9,,False,50,,EXPERIMENT_THEME,,,REJECTED,2026-09-10T16:53:36.895183+09:00,2026-09-10T19:58:48.330604+09:00,NAVER_SEARCHAD,1,MEDIUM,evergreen|informational,informational,REJECT,/kor/report/travel/portugal-lisbon.html,NO_OVERLAP,UNCLEAR_OR_BROAD_INTENT,longtail,,2026-09-10T16:53:36.895183+09:00,
G1비자,비자 신청,비자신청,visa,670,1780,2450,높음,,,,,0.3,0.2,0.08000000000000002,0.9,,False,50,,EXPERIMENT_THEME,,,REJECTED,2026-09-10T16:53:36.895183+09:00,2026-09-10T19:58:48.330604+09:00,NAVER_SEARCHAD,1,MEDIUM,evergreen|informational,informational,REJECT,/kor/report/visa/,NO_OVERLAP,UNCLEAR_OR_BROAD_INTENT,longtail,,2026-09-10T16:53:36.895183+09:00,
H2비자,비자 신청,비자신청,visa,170,80,250,높음,,,,,0.3,0.2,0.08000000000000002,0.9,,False,50,,EXPERIMENT_THEME,,,REJECTED,2026-09-10T16:53:36.895183+09:00,2026-09-10T19:58:48.330604+09:00,NAVER_SEARCHAD,1,MEDIUM,evergreen|informational,informational,REJECT,/kor/report/visa/,NO_OVERLAP,UNCLEAR_OR_BROAD_INTENT,longtail,,2026-09-10T16:53:36.895183+09:00,
일본유학,비자 신청,비자신청,visa,610,2600,3210,높음,,,,,0.3,0.2,0.08000000000000002,0.9,,False,50,,EXPERIMENT_THEME,,,REJECTED,2026-09-10T16:53:36.895183+09:00,2026-09-10T19:58:48.330604+09:00,NAVER_SEARCHAD,1,MEDIUM,evergreen|informational,informational,REJECT,/kor/report/visa/brazil.html,NO_OVERLAP,UNCLEAR_OR_BROAD_INTENT,longtail,,2026-09-10T16:53:36.895183+09:00,
취업비자,비자 신청,비자신청,visa,250,500,750,높음,,,,,0.3,0.2,0.08000000000000002,0.9,,False,50,,EXPERIMENT_THEME,,,REJECTED,2026-09-10T16:53:36.895183+09:00,2026-09-10T19:58:48.330604+09:00,NAVER_SEARCHAD,1,MEDIUM,evergreen|informational,informational,REJECT,/kor/report/visa/brunei.html,SAME_INTENT,UNCLEAR_OR_BROAD_INTENT,longtail,,2026-09-10T16:53:36.895183+09:00,
중국비자발급기간,비자 신청,비자신청,visa,170,710,880,높음,,,,,0.3,1,0.16000000000000003,0.9,,False,50,,EXPERIMENT_THEME,,,REJECTED,2026-09-10T16:53:36.895183+09:00,2026-09-10T19:58:48.330604+09:00,NAVER_SEARCHAD,1,MEDIUM,current-information|informational,informational,REJECT,/kor/report/visa/srilanka.html,NO_OVERLAP,UNCLEAR_OR_BROAD_INTENT,longtail,,2026-09-10T16:53:36.895183+09:00,
미국단기어학연수,비자 신청,비자신청,visa,10,40,50,높음,,,,,0.3,0.2,0.16000000000000003,0.9,,False,50,,EXPERIMENT_THEME,,,REJECTED,2026-09-10T16:53:36.895183+09:00,2026-09-10T19:58:48.330604+09:00,NAVER_SEARCHAD,1,MEDIUM,evergreen|informational,informational,REJECT,/kor/report/visa/korea.html,NO_OVERLAP,UNCLEAR_OR_BROAD_INTENT,longtail,,2026-09-10T16:53:36.895183+09:00,
F5비자,비자 신청,비자신청,visa,910,1730,2640,높음,,,,,0.3,0.2,0.08000000000000002,0.9,,False,50,,EXPERIMENT_THEME,,,REJECTED,2026-09-10T16:53:36.895183+09:00,2026-09-10T19:58:48.330604+09:00,NAVER_SEARCHAD,1,MEDIUM,evergreen|informational,informational,REJECT,/kor/report/visa/,NO_OVERLAP,UNCLEAR_OR_BROAD_INTENT,longtail,,2026-09-10T16:53:36.895183+09:00,
ESTA홈페이지,비자 신청,비자신청,visa,10,20,30,중간,,,,,0.3,0.2,0.16000000000000003,0.9,,False,50,,EXPERIMENT_THEME,,,REJECTED,2026-09-10T16:53:36.895183+09:00,2026-09-10T19:58:48.330604+09:00,NAVER_SEARCHAD,1,MEDIUM,evergreen|informational,informational,REJECT,/kor/stockwiki/test/,NO_OVERLAP,UNCLEAR_OR_BROAD_INTENT,longtail,,2026-09-10T16:53:36.895183+09:00,
E7행정사,비자 신청,비자신청,visa,,,,높음,,,,,0.3,0.2,0.1,0.9,,False,0,,EXPERIMENT_THEME,,,REJECTED,2026-09-10T16:53:36.895183+09:00,2026-09-10T19:58:48.330604+09:00,NAVER_SEARCHAD,1,UNVERIFIED,evergreen|informational,informational,REJECT,/kor/report/travel/portugal-lisbon.html,NO_OVERLAP,UNCLEAR_OR_BROAD_INTENT,longtail,CENSORED_OR_MISSING,2026-09-10T16:53:36.895183+09:00,
미국입국,비자 신청,비자신청,visa,90,290,380,중간,,,,,0.3,0.2,0.08000000000000002,0.9,,False,50,,EXPERIMENT_THEME,,,REJECTED,2026-09-10T16:53:36.895183+09:00,2026-09-10T19:58:48.330604+09:00,NAVER_SEARCHAD,1,MEDIUM,evergreen|informational,informational,REJECT,/kor/report/visa/cuba.html,NO_OVERLAP,UNCLEAR_OR_BROAD_INTENT,longtail,,2026-09-10T16:53:36.895183+09:00,
미국ESTA비자신청,비자 신청,비자신청,visa,130,50,180,높음,,,,,0.3,0.2,0.45,0.9,,False,50,,EXPERIMENT_THEME,,,NEW,2026-09-10T16:53:36.895183+09:00,2026-09-10T19:58:48.330604+09:00,NAVER_SEARCHAD,1,MEDIUM,evergreen|how-to|informational,how-to,NEW_PAGE,/kor/stockwiki/test/,NO_OVERLAP,Fixed semantic similarity threshold.,longtail,,2026-09-10T18:15:37.366810+09:00,2026-09-10T18:15:37.366810+09:00
뉴욕어학연수,비자 신청,비자신청,visa,40,180,220,높음,,,,,0.3,0.2,0.12,0.9,,False,50,,EXPERIMENT_THEME,,,REJECTED,2026-09-10T16:53:36.895183+09:00,2026-09-10T19:58:48.330604+09:00,NAVER_SEARCHAD,1,MEDIUM,evergreen|informational,informational,REJECT,/kor/report/visa/mongolia.html,NO_OVERLAP,UNCLEAR_OR_BROAD_INTENT,longtail,,2026-09-10T16:53:36.895183+09:00,
거소증,비자 신청,비자신청,visa,510,590,1100,높음,,,,,0.3,0.2,0.06,0.9,,False,50,,EXPERIMENT_THEME,,,REJECTED,2026-09-10T16:53:36.895183+09:00,2026-09-10T19:58:48.330604+09:00,NAVER_SEARCHAD,1,MEDIUM,evergreen|informational,informational,REJECT,/kor/column/sarcopenia-muscle-loss-2026.html,NO_OVERLAP,UNCLEAR_OR_BROAD_INTENT,longtail,,2026-09-10T16:53:36.895183+09:00,
카플란어학원,비자 신청,비자신청,visa,30,70,100,높음,,,,,0.3,0.2,0.12,0.9,,False,50,,EXPERIMENT_THEME,,,REJECTED,2026-09-10T16:53:36.895183+09:00,2026-09-10T19:58:48.330604+09:00,NAVER_SEARCHAD,1,MEDIUM,evergreen|informational,informational,REJECT,/kor/column/snowflake-37-surge-amazon-aws-deal-2026.html,NO_OVERLAP,UNCLEAR_OR_BROAD_INTENT,longtail,,2026-09-10T16:53:36.895183+09:00,
한국취업비자,비자 신청,비자신청,visa,140,430,570,높음,,,,,0.3,0.2,0.12,0.9,,False,50,,EXPERIMENT_THEME,,,REJECTED,2026-09-10T16:53:36.895183+09:00,2026-09-10T19:58:48.330604+09:00,NAVER_SEARCHAD,1,MEDIUM,evergreen|informational,informational,REJECT,/kor/report/visa/brunei.html,LOW_OVERLAP,UNCLEAR_OR_BROAD_INTENT,longtail,,2026-09-10T16:53:36.895183+09:00,
F-2비자,비자 신청,비자신청,visa,1410,2620,4030,높음,,,,,0.3,0.2,0.08000000000000002,0.9,,False,50,,EXPERIMENT_THEME,,,REJECTED,2026-09-10T16:53:36.895183+09:00,2026-09-10T19:58:48.330604+09:00,NAVER_SEARCHAD,1,MEDIUM,evergreen|informational,informational,REJECT,/kor/report/visa/,NO_OVERLAP,UNCLEAR_OR_BROAD_INTENT,longtail,,2026-09-10T16:53:36.895183+09:00,
중국비자신청대행,비자 신청,비자신청,visa,10,,,높음,,,,,0.3,0.2,0.36000000000000004,0.9,,False,0,,EXPERIMENT_THEME,,,NEW,2026-09-10T16:53:36.895183+09:00,2026-09-10T19:58:48.330604+09:00,NAVER_SEARCHAD,1,UNVERIFIED,evergreen|how-to|informational,how-to,NEW_PAGE,/kor/report/visa/vatican.html,NO_OVERLAP,Fixed semantic similarity threshold.,longtail,CENSORED_OR_MISSING,2026-09-10T18:15:37.366810+09:00,2026-09-10T16:53:36.895183+09:00
미국비자수수료,비자 신청,비자신청,visa,130,560,690,높음,,,,,0.3,0.2,0.13999999999999999,0.9,,False,50,,EXPERIMENT_THEME,,,REJECTED,2026-09-10T16:53:36.895183+09:00,2026-09-10T19:58:48.330604+09:00,NAVER_SEARCHAD,1,MEDIUM,evergreen|informational,informational,REJECT,/kor/report/visa/iran.html,MEDIUM_OVERLAP,UNCLEAR_OR_BROAD_INTENT,longtail,,2026-09-10T16:53:36.895183+09:00,
중국비자종류,비자 신청,비자신청,visa,80,170,250,높음,,,,,0.3,0.2,0.12,0.9,,False,50,,EXPERIMENT_THEME,,,REJECTED,2026-09-10T16:53:36.895183+09:00,2026-09-10T19:58:48.330604+09:00,NAVER_SEARCHAD,1,MEDIUM,evergreen|informational,informational,REJECT,/kor/report/visa/kazakhstan.html,LOW_OVERLAP,UNCLEAR_OR_BROAD_INTENT,longtail,,2026-09-10T16:53:36.895183+09:00,
유학,비자 신청,비자신청,visa,680,3310,3990,높음,,,,,0.3,0.2,0.04000000000000001,0.9,,False,50,,EXPERIMENT_THEME,,,REJECTED,2026-09-10T16:53:36.895183+09:00,2026-09-10T19:58:48.330604+09:00,NAVER_SEARCHAD,1,MEDIUM,evergreen|informational,informational,REJECT,/kor/report/visa/brazil.html,NO_OVERLAP,UNCLEAR_OR_BROAD_INTENT,longtail,,2026-09-10T16:53:36.895183+09:00,
여행준비,,여행준비,travel,40,90,130,높음,,,,,0.3,0.2,0.08000000000000002,0.9,,False,50,,,,,REJECTED,2026-09-10T16:53:36.895183+09:00,2026-09-10T19:58:48.330604+09:00,NAVER_SEARCHAD,0,MEDIUM,evergreen|informational,informational,REJECT,/kor/util/power-bank-wh-calculator/,LOW_OVERLAP,UNCLEAR_OR_BROAD_INTENT,longtail,,2026-09-10T16:53:36.895183+09:00,
연금계산,,연금계산,finance,150,710,860,높음,,,,,0.3,0.2,0.18000000000000002,0.9,,False,50,,EXPERIMENT_THEME,,,NEW,2026-09-10T16:53:36.895183+09:00,2026-09-10T19:58:48.330604+09:00,NAVER_SEARCHAD,0,MEDIUM,calculator/tool|evergreen|informational,calculator/tool,NEW_PAGE,/kor/util/japan-esim-data-calculator/,NO_OVERLAP,Fixed semantic similarity threshold.,longtail,,2026-09-10T18:22:53.467440+09:00,2026-09-10T18:15:37.366810+09:00
연금계산기,연금 계산,연금계산,finance,790,2200,2990,높음,,,,,0.3,0.2,0.225,0.9,,False,50,,EXPERIMENT_THEME,,,NEW,2026-09-10T16:53:36.895183+09:00,2026-09-10T19:58:48.330604+09:00,NAVER_SEARCHAD,1,MEDIUM,calculator/tool|evergreen|informational,calculator/tool,NEW_PAGE,/kor/util/japan-esim-data-calculator/,LOW_OVERLAP,Fixed semantic similarity threshold.,longtail,,2026-09-10T18:22:53.467440+09:00,2026-09-10T18:15:37.366810+09:00
연금보험,연금 계산,연금계산,finance,3540,11100,14640,높음,,,,,0.3,0.2,0.08000000000000002,0.9,,False,50,,EXPERIMENT_THEME,,,REJECTED,2026-09-10T16:53:36.895183+09:00,2026-09-10T19:58:48.330604+09:00,NAVER_SEARCHAD,1,MEDIUM,evergreen|informational,informational,REJECT,/kor/column/nps-investment-strategy-2026.html,NO_OVERLAP,UNCLEAR_OR_BROAD_INTENT,longtail,,2026-09-10T16:53:36.895183+09:00,
개인연금,연금 계산,연금계산,finance,3730,12700,16430,높음,,,,,0.3,0.2,0.08000000000000002,0.9,,False,50,,EXPERIMENT_THEME,,,REJECTED,2026-09-10T16:53:36.895183+09:00,2026-09-10T19:58:48.330604+09:00,NAVER_SEARCHAD,1,MEDIUM,evergreen|informational,informational,REJECT,/kor/report/coin/abond-guide.html,NO_OVERLAP,UNCLEAR_OR_BROAD_INTENT,longtail,,2026-09-10T16:53:36.895183+09:00,
연금저축,연금 계산,연금계산,finance,7500,25300,32800,높음,,,,,0.3,0.2,0.08000000000000002,0.9,,False,50,,EXPERIMENT_THEME,,,REJECTED,2026-09-10T16:53:36.895183+09:00,2026-09-10T19:58:48.330604+09:00,NAVER_SEARCHAD,1,MEDIUM,evergreen|informational,informational,REJECT,/kor/report/finance/saving-100m-timeline-2026.html,NO_OVERLAP,UNCLEAR_OR_BROAD_INTENT,longtail,,2026-09-10T16:53:36.895183+09:00,
연금저축펀드,연금 계산,연금계산,finance,4870,14300,19170,높음,,,,,0.3,0.2,0.12,0.9,,False,50,,EXPERIMENT_THEME,,,REJECTED,2026-09-10T16:53:36.895183+09:00,2026-09-10T19:58:48.330604+09:00,NAVER_SEARCHAD,1,MEDIUM,evergreen|informational,informational,REJECT,/kor/report/finance/saving-100m-timeline-2026.html,NO_OVERLAP,UNCLEAR_OR_BROAD_INTENT,longtail,,2026-09-10T16:53:36.895183+09:00,
개인연금추천,연금 계산,연금계산,finance,920,3430,4350,높음,,,,,0.9,0.2,0.27,0.9,,False,50,,EXPERIMENT_THEME,,,NEW,2026-09-10T16:53:36.895183+09:00,2026-09-10T19:58:48.330604+09:00,NAVER_SEARCHAD,1,MEDIUM,commercial|evergreen|informational,informational,NEW_PAGE,/kor/report/window/windows11-dark-vs-light-mode-comparison.html,NO_OVERLAP,Fixed semantic similarity threshold.,longtail,,2026-09-10T18:22:53.467440+09:00,2026-09-10T18:15:37.366810+09:00
IRP,연금 계산,연금계산,finance,6650,13500,20150,높음,,,,,0.3,0.2,0.06,0.9,,False,50,,EXPERIMENT_THEME,,,REJECTED,2026-09-10T16:53:36.895183+09:00,2026-09-10T19:58:48.330604+09:00,NAVER_SEARCHAD,1,MEDIUM,evergreen|informational,informational,REJECT,/jp/report/travel/azerbaijan-julfa.html,NO_OVERLAP,UNCLEAR_OR_BROAD_INTENT,longtail,,2026-09-10T16:53:36.895183+09:00,
IRP계좌개설,연금 계산,연금계산,finance,3570,10800,14370,중간,,,,,0.3,0.2,0.13999999999999999,0.9,,False,50,,EXPERIMENT_THEME,,,REJECTED,2026-09-10T16:53:36.895183+09:00,2026-09-10T19:58:48.330604+09:00,NAVER_SEARCHAD,1,MEDIUM,evergreen|informational,informational,REJECT,/jp/report/travel/azerbaijan-julfa.html,NO_OVERLAP,UNCLEAR_OR_BROAD_INTENT,longtail,,2026-09-10T16:53:36.895183+09:00,
연금,연금 계산,연금계산,finance,3520,16100,19620,높음,,,,,0.3,0.2,0.04000000000000001,0.9,,False,50,,EXPERIMENT_THEME,,,REJECTED,2026-09-10T16:53:36.895183+09:00,2026-09-10T19:58:48.330604+09:00,NAVER_SEARCHAD,1,MEDIUM,evergreen|informational,informational,REJECT,/kor/column/nps-investment-strategy-2026.html,NO_OVERLAP,UNCLEAR_OR_BROAD_INTENT,longtail,,2026-09-10T16:53:36.895183+09:00,
종신연금보험,연금 계산,연금계산,finance,170,570,740,높음,,,,,0.3,0.2,0.12,0.9,,False,50,,EXPERIMENT_THEME,,,REJECTED,2026-09-10T16:53:36.895183+09:00,2026-09-10T19:58:48.330604+09:00,NAVER_SEARCHAD,1,MEDIUM,evergreen|informational,informational,REJECT,/kor/column/nps-investment-strategy-2026.html,NO_OVERLAP,UNCLEAR_OR_BROAD_INTENT,longtail,,2026-09-10T16:53:36.895183+09:00,
연금저축계좌,연금 계산,연금계산,finance,3280,12700,15980,높음,,,,,0.3,0.2,0.12,0.9,,False,50,,EXPERIMENT_THEME,,,REJECTED,2026-09-10T16:53:36.895183+09:00,2026-09-10T19:58:48.330604+09:00,NAVER_SEARCHAD,1,MEDIUM,evergreen|informational,informational,REJECT,/kor/column/isa-account-tax-free-2026.html,NO_OVERLAP,UNCLEAR_OR_BROAD_INTENT,longtail,,2026-09-10T16:53:36.895183+09:00,
개인연금저축,연금 계산,연금계산,finance,1780,5610,7390,높음,,,,,0.3,0.2,0.12,0.9,,False,50,,EXPERIMENT_THEME,,,REJECTED,2026-09-10T16:53:36.895183+09:00,2026-09-10T19:58:48.330604+09:00,NAVER_SEARCHAD,1,MEDIUM,evergreen|informational,informational,REJECT,/kor/report/finance/saving-100m-timeline-2026.html,NO_OVERLAP,UNCLEAR_OR_BROAD_INTENT,longtail,,2026-09-10T16:53:36.895183+09:00,
연금계좌,연금 계산,연금계산,finance,700,2460,3160,높음,,,,,0.3,0.2,0.08000000000000002,0.9,,False,50,,EXPERIMENT_THEME,,,REJECTED,2026-09-10T16:53:36.895183+09:00,2026-09-10T19:58:48.330604+09:00,NAVER_SEARCHAD,1,MEDIUM,evergreen|informational,informational,REJECT,/kor/column/isa-account-tax-free-2026.html,NO_OVERLAP,UNCLEAR_OR_BROAD_INTENT,longtail,,2026-09-10T16:53:36.895183+09:00,
노후연금,연금 계산,연금계산,finance,260,900,1160,높음,,,,,0.3,0.2,0.08000000000000002,0.9,,False,50,,EXPERIMENT_THEME,,,REJECTED,2026-09-10T16:53:36.895183+09:00,2026-09-10T19:58:48.330604+09:00,NAVER_SEARCHAD,1,MEDIUM,evergreen|informational,informational,REJECT,/kor/column/nps-investment-strategy-2026.html,NO_OVERLAP,UNCLEAR_OR_BROAD_INTENT,longtail,,2026-09-10T16:53:36.895183+09:00,
연금가입,연금 계산,연금계산,finance,40,90,130,높음,,,,,0.3,0.2,0.08000000000000002,0.9,,False,50,,EXPERIMENT_THEME,,,REJECTED,2026-09-10T16:53:36.895183+09:00,2026-09-10T19:58:48.330604+09:00,NAVER_SEARCHAD,1,MEDIUM,evergreen|informational,informational,REJECT,/kor/report/plc/gx-works2-installation-guide.html,NO_OVERLAP,UNCLEAR_OR_BROAD_INTENT,longtail,,2026-09-10T16:53:36.895183+09:00,
소득공제용연금저축,연금 계산,연금계산,finance,1310,4530,5840,높음,,,,,0.3,0.2,0.18000000000000002,0.9,,False,50,,EXPERIMENT_THEME,,,REJECTED,2026-09-10T16:53:36.895183+09:00,2026-09-10T19:58:48.330604+09:00,NAVER_SEARCHAD,1,MEDIUM,evergreen|informational,informational,REJECT,/kor/report/finance/saving-100m-timeline-2026.html,NO_OVERLAP,UNCLEAR_OR_BROAD_INTENT,longtail,,2026-09-10T16:53:36.895183+09:00,
연금저축계좌개설,연금 계산,연금계산,finance,780,2650,3430,높음,,,,,0.3,0.2,0.16000000000000003,0.9,,False,50,,EXPERIMENT_THEME,,,REJECTED,2026-09-10T16:53:36.895183+09:00,2026-09-10T19:58:48.330604+09:00,NAVER_SEARCHAD,1,MEDIUM,evergreen|informational,informational,REJECT,/kor/column/isa-account-tax-free-2026.html,NO_OVERLAP,UNCLEAR_OR_BROAD_INTENT,longtail,,2026-09-10T16:53:36.895183+09:00,
검색 위치·통화에 따른 예약 파트너와 결제조건 변화,,검색위치통화에따른예약파트너와결제조건변화,travel,,,,,,,,,0.3,1,0.4,0.9,,False,0,,,,,NEW,2026-09-10T16:53:36.895183+09:00,2026-09-10T19:58:48.330604+09:00,EXISTING_EXTERNAL,0,UNVERIFIED,current-information|informational,informational,NEW_PAGE,/kor/report/coin/aim-guide.html,NO_OVERLAP,Fixed semantic similarity threshold.,discovery,,,2026-09-10T19:58:48.330604+09:00
공동주택관리비,,공동주택관리비,housing,50,50,100,중간,,,,,0.3,0.2,0.13999999999999999,0.4,,False,50,,,,,REJECTED,2026-09-10T16:53:36.895183+09:00,2026-09-10T19:58:48.330604+09:00,NAVER_SEARCHAD,0,MEDIUM,evergreen|informational,informational,REJECT,/kor/report/coin/artem-guide.html,NO_OVERLAP,UNCLEAR_OR_BROAD_INTENT,discovery,,2026-09-10T16:53:36.895183+09:00,
공유재산대부료계산,,공유재산대부료계산,tools,,,,낮음,,,,,0.3,0.2,0.405,0.9,,False,0,,,,,NEW,2026-09-10T16:53:36.895183+09:00,2026-09-10T19:58:48.330604+09:00,NAVER_SEARCHAD,0,UNVERIFIED,calculator/tool|evergreen|informational,calculator/tool,NEW_PAGE,/kor/util/japan-esim-data-calculator/,NO_OVERLAP,Fixed semantic similarity threshold.,discovery,CENSORED_OR_MISSING,2026-09-10T16:53:36.895183+09:00,2026-09-10T19:58:48.330604+09:00
과거기상기반비행운영향예측,,과거기상기반비행운영향예측,topic:과거,,,,낮음,,,,,0.3,0.2,0.26,0.4,,False,0,,,,,NEW,2026-09-10T16:53:36.895183+09:00,2026-09-10T19:58:48.330604+09:00,NAVER_SEARCHAD,0,UNVERIFIED,evergreen|informational,informational,NEW_PAGE,/kor/report/coin/aerobud-guide.html,NO_OVERLAP,Fixed semantic similarity threshold.,discovery,CENSORED_OR_MISSING,2026-09-10T16:53:36.895183+09:00,2026-09-10T19:58:48.330604+09:00
구매전건강기능식품인지확인가능한가,,구매전건강기능식품인지확인가능한가,topic:구매,,,,낮음,,,,,0.9,0.2,0.765,0.4,,False,0,,,,,NEW,2026-09-10T16:53:36.895183+09:00,2026-09-10T19:58:48.330604+09:00,NAVER_SEARCHAD,0,UNVERIFIED,commercial|evergreen|informational,informational,NEW_PAGE,/404.html,NO_OVERLAP,Fixed semantic similarity threshold.,discovery,CENSORED_OR_MISSING,2026-09-10T16:53:36.895183+09:00,2026-09-10T19:58:48.330604+09:00
국내리콜상품조치방법확인,,국내리콜상품조치방법확인,topic:국내,,,,낮음,,,,,0.3,0.2,0.54,0.4,,False,0,,,,,NEW,2026-09-10T16:53:36.895183+09:00,2026-09-10T19:58:48.330604+09:00,NAVER_SEARCHAD,0,UNVERIFIED,evergreen|how-to|informational,how-to,NEW_PAGE,/kor/report/animal/axolotl.html,NO_OVERLAP,Fixed semantic similarity threshold.,discovery,CENSORED_OR_MISSING,2026-09-10T16:53:36.895183+09:00,2026-09-10T19:58:48.330604+09:00
국내면세점구매품재반입신고,,국내면세점구매품재반입신고,topic:국내,,,,낮음,,,,,0.9,0.2,0.5850000000000001,0.4,,False,0,,,,,NEW,2026-09-10T16:53:36.895183+09:00,2026-09-10T19:58:48.330604+09:00,NAVER_SEARCHAD,0,UNVERIFIED,commercial|evergreen|informational,informational,NEW_PAGE,/kor/column/maplestory-m-250-level-union-guide-2026.html,NO_OVERLAP,Fixed semantic similarity threshold.,discovery,CENSORED_OR_MISSING,2026-09-10T16:53:36.895183+09:00,2026-09-10T19:58:48.330604+09:00
국립공원무공해영지,,국립공원무공해영지,topic:국립공원,,,,낮음,,,,,0.3,0.2,0.18000000000000002,0.4,,False,0,,,,,REJECTED,2026-09-10T16:53:36.895183+09:00,2026-09-10T19:58:48.330604+09:00,NAVER_SEARCHAD,0,UNVERIFIED,evergreen|informational,informational,REJECT,/kor/report/camp/pyeongchang.html,NO_OVERLAP,UNCLEAR_OR_BROAD_INTENT,discovery,CENSORED_OR_MISSING,2026-09-10T16:53:36.895183+09:00,
국립공원무장애영지,,국립공원무장애영지,topic:국립공원,,,,낮음,,,,,0.3,0.2,0.18000000000000002,0.4,,False,0,,,,,REJECTED,2026-09-10T16:53:36.895183+09:00,2026-09-10T19:58:48.330604+09:00,NAVER_SEARCHAD,0,UNVERIFIED,evergreen|informational,informational,REJECT,/kor/report/camp/pyeongchang.html,NO_OVERLAP,UNCLEAR_OR_BROAD_INTENT,discovery,CENSORED_OR_MISSING,2026-09-10T16:53:36.895183+09:00,
국립공원반려동물야영장,,국립공원반려동물야영장,topic:국립공원,,,,낮음,,,,,0.3,0.2,0.22000000000000003,0.4,,False,0,,,,,NEW,2026-09-10T16:53:36.895183+09:00,2026-09-10T19:58:48.330604+09:00,NAVER_SEARCHAD,0,UNVERIFIED,evergreen|informational,informational,NEW_PAGE,/404.html,NO_OVERLAP,Fixed semantic similarity threshold.,discovery,CENSORED_OR_MISSING,2026-09-10T16:53:36.895183+09:00,2026-09-10T19:58:48.330604+09:00
그린포인트야영장결제,,그린포인트야영장결제,topic:그린포인트,,,,낮음,,,,,0.3,0.2,0.2,0.4,,False,0,100,NEW,EXISTING_EXTERNAL,new_theme,NEW,2026-09-10T18:15:37.366810+09:00,2026-09-10T19:58:48.330604+09:00,NAVER_SEARCHAD,0,UNVERIFIED,evergreen|informational,informational,NEW_PAGE,/kor/report/coin/amo-guide.html,NO_OVERLAP,Fixed semantic similarity threshold.,discovery,CENSORED_OR_MISSING,2026-09-10T18:15:37.366810+09:00,2026-09-10T19:58:48.330604+09:00
기계식주차장검사주기,,기계식주차장검사주기,topic:기계식주차장,,,,낮음,,,,,0.3,0.2,0.2,0.4,,False,0,100,NEW,EXISTING_EXTERNAL,new_theme,NEW,2026-09-10T18:15:37.366810+09:00,2026-09-10T19:58:48.330604+09:00,NAVER_SEARCHAD,0,UNVERIFIED,evergreen|informational,informational,NEW_PAGE,/kor/report/animal/lopear.html,NO_OVERLAP,Fixed semantic similarity threshold.,discovery,CENSORED_OR_MISSING,2026-09-10T18:15:37.366810+09:00,2026-09-10T19:58:48.330604+09:00
기기·로그인·잠재고객별 호텔 맞춤 가격,,기기로그인잠재고객별호텔맞춤가격,topic:기기,,,,,,,,,0.9,0.2,0.7200000000000001,0.4,,False,0,100,NEW,EXISTING_EXTERNAL,new_theme,NEW,2026-09-10T18:15:37.366810+09:00,2026-09-10T19:58:48.330604+09:00,EXISTING_EXTERNAL,0,UNVERIFIED,commercial|evergreen|informational,informational,NEW_PAGE,/kor/report/plc/gx-works2-installation-guide.html,NO_OVERLAP,Fixed semantic similarity threshold.,discovery,,,2026-09-10T19:58:48.330604+09:00
기내액체류제한,,기내액체류제한,topic:기내,,10,,중간,,,,,0.3,0.2,0.13999999999999999,0.4,,False,0,100,NEW,EXISTING_EXTERNAL,new_theme,REJECTED,2026-09-10T18:15:37.366810+09:00,2026-09-10T19:58:48.330604+09:00,NAVER_SEARCHAD,0,UNVERIFIED,evergreen|informational,informational,REJECT,/kor/report/visa/kazakhstan.html,NO_OVERLAP,UNCLEAR_OR_BROAD_INTENT,discovery,CENSORED_OR_MISSING,2026-09-10T18:15:37.366810+09:00,
기상특보야영장취소환불,,기상특보야영장취소환불,topic:기상특보,,,,낮음,,,,,0.3,0.2,0.22000000000000003,0.4,,False,0,100,NEW,EXISTING_EXTERNAL,new_theme,NEW,2026-09-10T18:15:37.366810+09:00,2026-09-10T19:58:48.330604+09:00,NAVER_SEARCHAD,0,UNVERIFIED,evergreen|informational,informational,NEW_PAGE,/kor/report/camp/yeosu.html,NO_OVERLAP,Fixed semantic similarity threshold.,discovery,CENSORED_OR_MISSING,2026-09-10T18:15:37.366810+09:00,2026-09-10T19:58:48.330604+09:00
내용증명효과와작성법,,내용증명효과와작성법,topic:내용증명,,,,낮음,,,,,0.3,0.2,0.2,0.4,,False,0,100,NEW,EXISTING_EXTERNAL,new_theme,NEW,2026-09-10T18:15:37.366810+09:00,2026-09-10T19:58:48.330604+09:00,NAVER_SEARCHAD,0,UNVERIFIED,evergreen|informational,informational,NEW_PAGE,/kor/report/window/windows11-battery-life-optimization.html,NO_OVERLAP,Fixed semantic similarity threshold.,discovery,CENSORED_OR_MISSING,2026-09-10T18:15:37.366810+09:00,2026-09-10T19:58:48.330604+09:00
농축수산물휴대품한도,,농축수산물휴대품한도,topic:농축수산물,,,,낮음,,,,,0.3,0.2,0.2,0.4,,False,0,100,NEW,EXISTING_EXTERNAL,new_theme,NEW,2026-09-10T18:15:37.366810+09:00,2026-09-10T19:58:48.330604+09:00,NAVER_SEARCHAD,0,UNVERIFIED,evergreen|informational,informational,NEW_PAGE,/kor/report/camp-gear/camping-cart-recommendation.html,NO_OVERLAP,Fixed semantic similarity threshold.,discovery,CENSORED_OR_MISSING,2026-09-10T18:15:37.366810+09:00,2026-09-10T19:58:48.330604+09:00
도난자동차말소후재등록,,도난자동차말소후재등록,topic:도난,,,,낮음,,,,,0.3,0.2,0.22000000000000003,0.4,,False,0,100,NEW,EXISTING_EXTERNAL,new_theme,NEW,2026-09-10T18:15:37.366810+09:00,2026-09-10T19:58:48.330604+09:00,NAVER_SEARCHAD,0,UNVERIFIED,evergreen|informational,informational,NEW_PAGE,/kor/report/car/,NO_OVERLAP,Fixed semantic similarity threshold.,discovery,CENSORED_OR_MISSING,2026-09-10T18:15:37.366810+09:00,2026-09-10T19:58:48.330604+09:00
렌터카계약과반납피해,,렌터카계약과반납피해,topic:렌터카,,,,낮음,,,,,0.3,0.2,0.2,0.4,,False,0,100,NEW,EXISTING_EXTERNAL,new_theme,NEW,2026-09-10T18:15:37.366810+09:00,2026-09-10T19:58:48.330604+09:00,NAVER_SEARCHAD,0,UNVERIFIED,evergreen|informational,informational,NEW_PAGE,/kor/report/travel/australia-cairns.html,NO_OVERLAP,Fixed semantic similarity threshold.,discovery,CENSORED_OR_MISSING,2026-09-10T18:15:37.366810+09:00,2026-09-10T19:58:48.330604+09:00
마트배송직종표준계약서및활용가이드,,마트배송직종표준계약서및활용가이드,topic:마트배송,,,,낮음,,,,,0.3,0.2,0.34,0.4,,False,0,100,NEW,PUBLIC_RSS,new_theme,NEW,2026-09-10T18:15:37.366810+09:00,2026-09-10T19:58:48.330604+09:00,NAVER_SEARCHAD,0,UNVERIFIED,evergreen|informational,informational,NEW_PAGE,/kor/report/window/windows11-transparency-effects-performance.html,NO_OVERLAP,Fixed semantic similarity threshold.,discovery,CENSORED_OR_MISSING,2026-09-10T18:15:37.366810+09:00,2026-09-10T19:58:48.330604+09:00
면세액체환승봉인봉투,,면세액체환승봉인봉투,topic:면세,,,,낮음,,,,,0.3,0.2,0.2,0.4,,False,0,100,NEW,EXISTING_EXTERNAL,new_theme,NEW,2026-09-10T18:15:37.366810+09:00,2026-09-10T19:58:48.330604+09:00,NAVER_SEARCHAD,0,UNVERIFIED,evergreen|informational,informational,NEW_PAGE,/kor/report/visa/nigeria.html,NO_OVERLAP,Fixed semantic similarity threshold.,discovery,CENSORED_OR_MISSING,2026-09-10T18:15:37.366810+09:00,2026-09-10T19:58:48.330604+09:00
무료체험후정기결제피해,,무료체험후정기결제피해,topic:무료체험,,,,낮음,,,,,0.3,0.2,0.22000000000000003,0.4,,False,0,100,NEW,EXISTING_EXTERNAL,new_theme,NEW,2026-09-10T18:15:37.366810+09:00,2026-09-10T19:58:48.330604+09:00,NAVER_SEARCHAD,0,UNVERIFIED,evergreen|informational,informational,NEW_PAGE,/kor/report/travel/azerbaijan-naftalan.html,NO_OVERLAP,Fixed semantic similarity threshold.,discovery,CENSORED_OR_MISSING,2026-09-10T18:15:37.366810+09:00,2026-09-10T19:58:48.330604+09:00
전학갈학교에자리가있는지확인하는방법,,전학갈학교에자리가있는지확인하는방법,topic:전학,,,,낮음,,,,,0.3,0.2,0.81,0.4,,False,0,100,NEW,EXISTING_EXTERNAL,new_theme,NEW,2026-09-10T18:15:37.366810+09:00,2026-09-10T19:58:48.330604+09:00,NAVER_SEARCHAD,0,UNVERIFIED,evergreen|how-to|informational,how-to,NEW_PAGE,/kor/column/maple-planet-suncaller-bugi-solo-hunting-2026.html,NO_OVERLAP,Fixed semantic similarity threshold.,discovery,CENSORED_OR_MISSING,2026-09-10T18:15:37.366810+09:00,2026-09-10T19:58:48.330604+09:00
정부24에서행정서비스이용내역확인,,정부24에서행정서비스이용내역확인,topic:정부,,,,낮음,,,,,0.3,0.2,0.34,0.4,,False,0,100,NEW,EXISTING_EXTERNAL,new_theme,NEW,2026-09-10T18:15:37.366810+09:00,2026-09-10T19:58:48.330604+09:00,NAVER_SEARCHAD,0,UNVERIFIED,evergreen|informational,informational,NEW_PAGE,/kor/report/coin/aim-guide.html,NO_OVERLAP,Fixed semantic similarity threshold.,discovery,CENSORED_OR_MISSING,2026-09-10T18:15:37.366810+09:00,2026-09-10T19:58:48.330604+09:00
팰월드 1.0 초보·초반 공략,,팰월드10초보초반공략,palworld,,,,,,,,,0.3,0.2,0.22000000000000003,0.9,,False,0,100,NEW,EXISTING_EXTERNAL,new_theme,NEW,2026-09-10T18:15:37.366810+09:00,2026-09-10T19:58:48.330604+09:00,EXISTING_EXTERNAL,0,UNVERIFIED,evergreen|informational,informational,NEW_PAGE,/kor/column/,LOW_OVERLAP,Fixed semantic similarity threshold.,discovery,,,2026-09-10T19:58:48.330604+09:00
호텔환경인증과지속가능성정보,,호텔환경인증과지속가능성정보,topic:호텔,,,,낮음,,,,,0.3,0.2,0.27999999999999997,0.4,,False,0,100,NEW,EXISTING_EXTERNAL,new_theme,NEW,2026-09-10T18:15:37.366810+09:00,2026-09-10T19:58:48.330604+09:00,NAVER_SEARCHAD,0,UNVERIFIED,evergreen|informational,informational,NEW_PAGE,/kor/report/coin/2025-guide.html,NO_OVERLAP,Fixed semantic similarity threshold.,discovery,CENSORED_OR_MISSING,2026-09-10T18:15:37.366810+09:00,2026-09-10T19:58:48.330604+09:00
비과세예금,연금계산,연금계산,finance,320,2020,2340,높음,,,,,0.3,0.2,0.1,0.9,,False,50,36.2,EXPERIMENT_THEME,NAVER_SEARCHAD,promising,REJECTED,2026-09-10T18:15:37.366810+09:00,2026-09-10T19:58:48.330604+09:00,NAVER_SEARCHAD,1,MEDIUM,evergreen|informational,informational,REJECT,/kor/column/isa-account-tax-free-2026.html,NO_OVERLAP,UNCLEAR_OR_BROAD_INTENT,longtail,,2026-09-10T18:15:37.366810+09:00,
연금보험추천,연금계산,연금계산,finance,260,420,680,높음,,,,,0.9,0.2,0.27,0.9,,False,50,36.2,EXPERIMENT_THEME,NAVER_SEARCHAD,promising,NEW,2026-09-10T18:15:37.366810+09:00,2026-09-10T19:58:48.330604+09:00,NAVER_SEARCHAD,1,MEDIUM,commercial|evergreen|informational,informational,NEW_PAGE,/report/travel/portugal-setubal.html,NO_OVERLAP,Fixed semantic similarity threshold.,longtail,,2026-09-10T18:22:53.467440+09:00,2026-09-10T18:15:37.366810+09:00
퇴직연금,연금계산,연금계산,finance,10700,19200,29900,높음,,,,,0.3,0.2,0.08000000000000002,0.9,,False,50,36.2,EXPERIMENT_THEME,NAVER_SEARCHAD,promising,REJECTED,2026-09-10T18:15:37.366810+09:00,2026-09-10T19:58:48.330604+09:00,NAVER_SEARCHAD,1,MEDIUM,evergreen|informational,informational,REJECT,/kor/column/nps-investment-strategy-2026.html,NO_OVERLAP,UNCLEAR_OR_BROAD_INTENT,longtail,,2026-09-10T18:15:37.366810+09:00,
연금저축펀드이벤트,연금계산,연금계산,finance,60,140,200,높음,,,,,0.3,0.2,0.18000000000000002,0.9,,False,50,36.2,EXPERIMENT_THEME,NAVER_SEARCHAD,promising,REJECTED,2026-09-10T18:15:37.366810+09:00,2026-09-10T19:58:48.330604+09:00,NAVER_SEARCHAD,1,MEDIUM,evergreen|informational,informational,REJECT,/kor/report/coin/4444-guide.html,NO_OVERLAP,UNCLEAR_OR_BROAD_INTENT,longtail,,2026-09-10T18:15:37.366810+09:00,
IRP계좌,연금계산,연금계산,finance,8290,29700,37990,높음,,,,,0.3,0.2,0.1,0.9,,False,50,36.2,EXPERIMENT_THEME,NAVER_SEARCHAD,promising,REJECTED,2026-09-10T18:15:37.366810+09:00,2026-09-10T19:58:48.330604+09:00,NAVER_SEARCHAD,1,MEDIUM,evergreen|informational,informational,REJECT,/jp/report/travel/azerbaijan-julfa.html,NO_OVERLAP,UNCLEAR_OR_BROAD_INTENT,longtail,,2026-09-10T18:15:37.366810+09:00,
연금적금,연금계산,연금계산,finance,120,660,780,높음,,,,,0.3,0.2,0.08000000000000002,0.9,,False,50,36.2,EXPERIMENT_THEME,NAVER_SEARCHAD,promising,REJECTED,2026-09-10T18:15:37.366810+09:00,2026-09-10T19:58:48.330604+09:00,NAVER_SEARCHAD,1,MEDIUM,evergreen|informational,informational,REJECT,/kor/report/finance/investment-guide-2025.html,NO_OVERLAP,UNCLEAR_OR_BROAD_INTENT,longtail,,2026-09-10T18:15:37.366810+09:00,
비과세개인연금,연금계산,연금계산,finance,560,1970,2530,높음,,,,,0.3,0.2,0.13999999999999999,0.9,,False,50,36.2,EXPERIMENT_THEME,NAVER_SEARCHAD,promising,REJECTED,2026-09-10T18:15:37.366810+09:00,2026-09-10T19:58:48.330604+09:00,NAVER_SEARCHAD,1,MEDIUM,evergreen|informational,informational,REJECT,/kor/report/coin/abond-guide.html,NO_OVERLAP,UNCLEAR_OR_BROAD_INTENT,longtail,,2026-09-10T18:15:37.366810+09:00,
연금보험계산기,연금계산,연금계산,finance,40,120,160,높음,,,,,0.3,0.2,0.315,0.9,,False,50,36.2,EXPERIMENT_THEME,NAVER_SEARCHAD,promising,NEW,2026-09-10T18:15:37.366810+09:00,2026-09-10T19:58:48.330604+09:00,NAVER_SEARCHAD,1,MEDIUM,calculator/tool|evergreen|informational,calculator/tool,NEW_PAGE,/kor/util/japan-esim-data-calculator/,NO_OVERLAP,Fixed semantic similarity threshold.,longtail,,2026-09-10T18:15:37.366810+09:00,2026-09-10T18:15:37.366810+09:00
연금보험종류,연금계산,연금계산,finance,110,580,690,높음,,,,,0.3,0.2,0.12,0.9,,False,50,36.2,EXPERIMENT_THEME,NAVER_SEARCHAD,promising,REJECTED,2026-09-10T18:15:37.366810+09:00,2026-09-10T19:58:48.330604+09:00,NAVER_SEARCHAD,1,MEDIUM,evergreen|informational,informational,REJECT,/kor/report/coin/amo-guide.html,NO_OVERLAP,UNCLEAR_OR_BROAD_INTENT,longtail,,2026-09-10T18:15:37.366810+09:00,
복리상품,연금계산,연금계산,finance,70,190,260,높음,,,,,0.3,0.2,0.08000000000000002,0.9,,False,50,36.2,EXPERIMENT_THEME,NAVER_SEARCHAD,promising,REJECTED,2026-09-10T18:15:37.366810+09:00,2026-09-10T19:58:48.330604+09:00,NAVER_SEARCHAD,1,MEDIUM,evergreen|informational,informational,REJECT,/kor/report/coin/3ull-guide.html,NO_OVERLAP,UNCLEAR_OR_BROAD_INTENT,longtail,,2026-09-10T18:15:37.366810+09:00,
연금저축펀드추천,연금계산,연금계산,finance,680,2070,2750,높음,,,,,0.9,0.2,0.36000000000000004,0.9,,False,50,36.2,EXPERIMENT_THEME,NAVER_SEARCHAD,promising,NEW,2026-09-10T18:15:37.366810+09:00,2026-09-10T19:58:48.330604+09:00,NAVER_SEARCHAD,1,MEDIUM,commercial|evergreen|informational,informational,NEW_PAGE,/kor/report/window/windows11-dark-vs-light-mode-comparison.html,NO_OVERLAP,Fixed semantic similarity threshold.,longtail,,2026-09-10T18:22:53.467440+09:00,2026-09-10T18:15:37.366810+09:00
연금종류,연금계산,연금계산,finance,430,2260,2690,높음,,,,,0.3,0.2,0.08000000000000002,0.9,,False,50,36.2,EXPERIMENT_THEME,NAVER_SEARCHAD,promising,REJECTED,2026-09-10T18:15:37.366810+09:00,2026-09-10T19:58:48.330604+09:00,NAVER_SEARCHAD,1,MEDIUM,evergreen|informational,informational,REJECT,/kor/report/coin/amo-guide.html,NO_OVERLAP,UNCLEAR_OR_BROAD_INTENT,longtail,,2026-09-10T18:15:37.366810+09:00,
종신연금,연금계산,연금계산,finance,120,370,490,높음,,,,,0.3,0.2,0.08000000000000002,0.9,,False,50,36.2,EXPERIMENT_THEME,NAVER_SEARCHAD,promising,REJECTED,2026-09-10T18:15:37.366810+09:00,2026-09-10T19:58:48.330604+09:00,NAVER_SEARCHAD,1,MEDIUM,evergreen|informational,informational,REJECT,/kor/column/nps-investment-strategy-2026.html,NO_OVERLAP,UNCLEAR_OR_BROAD_INTENT,longtail,,2026-09-10T18:15:37.366810+09:00,
IRP세액공제,연금계산,연금계산,finance,1350,3700,5050,높음,,,,,0.3,0.2,0.13999999999999999,0.9,,False,50,36.2,EXPERIMENT_THEME,NAVER_SEARCHAD,promising,REJECTED,2026-09-10T18:15:37.366810+09:00,2026-09-10T19:58:48.330604+09:00,NAVER_SEARCHAD,1,MEDIUM,evergreen|informational,informational,REJECT,/jp/report/travel/azerbaijan-julfa.html,NO_OVERLAP,UNCLEAR_OR_BROAD_INTENT,longtail,,2026-09-10T18:15:37.366810+09:00,
연금저축이벤트,연금계산,연금계산,finance,90,320,410,높음,,,,,0.3,0.2,0.13999999999999999,0.9,,False,50,36.2,EXPERIMENT_THEME,NAVER_SEARCHAD,promising,REJECTED,2026-09-10T18:15:37.366810+09:00,2026-09-10T19:58:48.330604+09:00,NAVER_SEARCHAD,1,MEDIUM,evergreen|informational,informational,REJECT,/kor/report/coin/4444-guide.html,NO_OVERLAP,UNCLEAR_OR_BROAD_INTENT,longtail,,2026-09-10T18:15:37.366810+09:00,
연금보험소득공제,연금계산,연금계산,finance,130,500,630,높음,,,,,0.3,0.2,0.16000000000000003,0.9,,False,50,36.2,EXPERIMENT_THEME,NAVER_SEARCHAD,promising,REJECTED,2026-09-10T18:15:37.366810+09:00,2026-09-10T19:58:48.330604+09:00,NAVER_SEARCHAD,1,MEDIUM,evergreen|informational,informational,REJECT,/kor/report/visa/portugal.html,NO_OVERLAP,UNCLEAR_OR_BROAD_INTENT,longtail,,2026-09-10T18:15:37.366810+09:00,
노후준비,연금계산,연금계산,finance,1100,1530,2630,높음,,,,,0.3,0.2,0.08000000000000002,0.9,,False,50,36.2,EXPERIMENT_THEME,NAVER_SEARCHAD,promising,REJECTED,2026-09-10T18:15:37.366810+09:00,2026-09-10T19:58:48.330604+09:00,NAVER_SEARCHAD,1,MEDIUM,evergreen|informational,informational,REJECT,/kor/report/coin/avent-guide.html,NO_OVERLAP,UNCLEAR_OR_BROAD_INTENT,longtail,,2026-09-10T18:15:37.366810+09:00,
연금보험비교,연금계산,연금계산,finance,70,150,220,높음,,,,,0.3,0.2,0.27,0.9,,False,50,36.2,EXPERIMENT_THEME,NAVER_SEARCHAD,promising,NEW,2026-09-10T18:15:37.366810+09:00,2026-09-10T19:58:48.330604+09:00,NAVER_SEARCHAD,1,MEDIUM,comparison|evergreen|informational,comparison,NEW_PAGE,/kor/report/window/windows11-free-upgrade-reasons.html,NO_OVERLAP,Fixed semantic similarity threshold.,longtail,,2026-09-10T18:22:53.467440+09:00,2026-09-10T18:15:37.366810+09:00
기업은행개인연금저축,연금계산,연금계산,finance,,,,높음,,,,,0.3,0.2,0.2,0.9,,False,0,36.2,EXPERIMENT_THEME,NAVER_SEARCHAD,promising,NEW,2026-09-10T18:15:37.366810+09:00,2026-09-10T19:58:48.330604+09:00,NAVER_SEARCHAD,1,UNVERIFIED,evergreen|informational,informational,NEW_PAGE,/kor/report/finance/saving-100m-timeline-2026.html,NO_OVERLAP,Fixed semantic similarity threshold.,longtail,CENSORED_OR_MISSING,2026-09-10T18:15:37.366810+09:00,2026-09-10T18:15:37.366810+09:00
연금저축펀드가입,연금계산,연금계산,finance,180,500,680,높음,,,,,0.3,0.2,0.16000000000000003,0.9,,False,50,36.2,EXPERIMENT_THEME,NAVER_SEARCHAD,promising,REJECTED,2026-09-10T18:15:37.366810+09:00,2026-09-10T19:58:48.330604+09:00,NAVER_SEARCHAD,1,MEDIUM,evergreen|informational,informational,REJECT,/kor/report/finance/saving-100m-timeline-2026.html,NO_OVERLAP,UNCLEAR_OR_BROAD_INTENT,longtail,,2026-09-10T18:15:37.366810+09:00,
미국관광비자,비자신청,비자신청,visa,360,1440,1800,높음,,,,,0.3,0.2,0.12,0.9,,False,50,30.0,EXPERIMENT_THEME,NAVER_SEARCHAD,promising,REJECTED,2026-09-10T18:15:37.366810+09:00,2026-09-10T19:58:48.330604+09:00,NAVER_SEARCHAD,1,MEDIUM,evergreen|informational,informational,REJECT,/kor/report/visa/northkorea.html,LOW_OVERLAP,UNCLEAR_OR_BROAD_INTENT,longtail,,2026-09-10T18:15:37.366810+09:00,
비자변경,비자신청,비자신청,visa,30,20,50,높음,,,,,0.3,1,0.08000000000000002,0.9,,False,50,30.0,EXPERIMENT_THEME,NAVER_SEARCHAD,promising,REJECTED,2026-09-10T18:15:37.366810+09:00,2026-09-10T19:58:48.330604+09:00,NAVER_SEARCHAD,1,MEDIUM,current-information|informational,informational,REJECT,/kor/report/visa/,NO_OVERLAP,UNCLEAR_OR_BROAD_INTENT,longtail,,2026-09-10T18:15:37.366810+09:00,
중국복수비자,비자신청,비자신청,visa,50,40,90,높음,,,,,0.3,0.2,0.12,0.9,,False,50,30.0,EXPERIMENT_THEME,NAVER_SEARCHAD,promising,REJECTED,2026-09-10T18:15:37.366810+09:00,2026-09-10T19:58:48.330604+09:00,NAVER_SEARCHAD,1,MEDIUM,evergreen|informational,informational,REJECT,/kor/report/visa/bangladesh.html,NO_OVERLAP,UNCLEAR_OR_BROAD_INTENT,longtail,,2026-09-10T18:15:37.366810+09:00,
E74비자,비자신청,비자신청,visa,460,170,630,높음,,,,,0.3,0.2,0.1,0.9,,False,50,30.0,EXPERIMENT_THEME,NAVER_SEARCHAD,promising,REJECTED,2026-09-10T18:15:37.366810+09:00,2026-09-10T19:58:48.330604+09:00,NAVER_SEARCHAD,1,MEDIUM,evergreen|informational,informational,REJECT,/kor/report/visa/,NO_OVERLAP,UNCLEAR_OR_BROAD_INTENT,longtail,,2026-09-10T18:15:37.366810+09:00,
비자,비자신청,비자신청,visa,1980,5430,7410,높음,,,,,0.3,0.2,0.04000000000000001,0.9,,False,50,30.0,EXPERIMENT_THEME,NAVER_SEARCHAD,promising,REJECTED,2026-09-10T18:15:37.366810+09:00,2026-09-10T19:58:48.330604+09:00,NAVER_SEARCHAD,1,MEDIUM,evergreen|informational,informational,REJECT,/kor/report/visa/,NO_OVERLAP,UNCLEAR_OR_BROAD_INTENT,longtail,,2026-09-10T18:15:37.366810+09:00,
미국무비자,비자신청,비자신청,visa,110,410,520,높음,,,,,0.3,0.2,0.1,0.9,,False,50,30.0,EXPERIMENT_THEME,NAVER_SEARCHAD,promising,REJECTED,2026-09-10T18:15:37.366810+09:00,2026-09-10T19:58:48.330604+09:00,NAVER_SEARCHAD,1,MEDIUM,evergreen|informational,informational,REJECT,/kor/report/visa/indonesia.html,NO_OVERLAP,UNCLEAR_OR_BROAD_INTENT,longtail,,2026-09-10T18:15:37.366810+09:00,
ESTA신청,비자신청,비자신청,visa,7620,8640,16260,높음,,,,,0.3,0.2,0.27,0.9,,False,50,30.0,EXPERIMENT_THEME,NAVER_SEARCHAD,promising,PUBLISHED,2026-09-10T18:15:37.366810+09:00,2026-09-10T19:58:48.330604+09:00,NAVER_SEARCHAD,1,MEDIUM,evergreen|how-to|informational,how-to,NEW_PAGE,/kor/report/visa/esta-application-checklist.html,NO_OVERLAP,Fixed semantic similarity threshold.,longtail,,2026-09-10T18:15:37.366810+09:00,2026-09-10T18:15:37.366810+09:00
중국비자대행가격,비자신청,비자신청,visa,10,20,30,높음,,,,,0.9,0.2,0.36000000000000004,0.9,,False,50,30.0,EXPERIMENT_THEME,NAVER_SEARCHAD,promising,NEW,2026-09-10T18:15:37.366810+09:00,2026-09-10T19:58:48.330604+09:00,NAVER_SEARCHAD,1,MEDIUM,commercial|evergreen|informational,informational,NEW_PAGE,/kor/report/visa/china.html,NO_OVERLAP,Fixed semantic similarity threshold.,longtail,,2026-09-10T18:15:37.366810+09:00,2026-09-10T18:15:37.366810+09:00
중국상용비자,비자신청,비자신청,visa,140,180,320,높음,,,,,0.3,0.2,0.12,0.9,,False,50,30.0,EXPERIMENT_THEME,NAVER_SEARCHAD,promising,REJECTED,2026-09-10T18:15:37.366810+09:00,2026-09-10T19:58:48.330604+09:00,NAVER_SEARCHAD,1,MEDIUM,evergreen|informational,informational,REJECT,/kor/report/visa/vietnam.html,LOW_OVERLAP,UNCLEAR_OR_BROAD_INTENT,longtail,,2026-09-10T18:15:37.366810+09:00,
한국비자,비자신청,비자신청,visa,230,400,630,높음,,,,,0.3,0.2,0.08000000000000002,0.9,,False,50,30.0,EXPERIMENT_THEME,NAVER_SEARCHAD,promising,REJECTED,2026-09-10T18:15:37.366810+09:00,2026-09-10T19:58:48.330604+09:00,NAVER_SEARCHAD,1,MEDIUM,evergreen|informational,informational,REJECT,/kor/report/visa/korea.html,NO_OVERLAP,UNCLEAR_OR_BROAD_INTENT,longtail,,2026-09-10T18:15:37.366810+09:00,
E7비자행정사,비자신청,비자신청,visa,,10,,높음,,,,,0.3,0.2,0.13999999999999999,0.9,,False,0,30.0,EXPERIMENT_THEME,NAVER_SEARCHAD,promising,REJECTED,2026-09-10T18:15:37.366810+09:00,2026-09-10T19:58:48.330604+09:00,NAVER_SEARCHAD,1,UNVERIFIED,evergreen|informational,informational,REJECT,/kor/report/visa/,NO_OVERLAP,UNCLEAR_OR_BROAD_INTENT,longtail,CENSORED_OR_MISSING,2026-09-10T18:15:37.366810+09:00,
외국인초청장서류,비자신청,비자신청,visa,,10,,높음,,,,,0.3,0.2,0.36000000000000004,0.9,,False,0,30.0,EXPERIMENT_THEME,NAVER_SEARCHAD,promising,NEW,2026-09-10T18:15:37.366810+09:00,2026-09-10T19:58:48.330604+09:00,NAVER_SEARCHAD,1,UNVERIFIED,checklist|evergreen|informational,checklist,NEW_PAGE,/kor/report/visa/israel.html,NO_OVERLAP,Fixed semantic similarity threshold.,longtail,CENSORED_OR_MISSING,2026-09-10T18:15:37.366810+09:00,2026-09-10T18:15:37.366810+09:00
F4비자연장,비자신청,비자신청,visa,120,420,540,높음,,,,,0.3,0.2,0.12,0.9,,False,50,30.0,EXPERIMENT_THEME,NAVER_SEARCHAD,promising,REJECTED,2026-09-10T18:15:37.366810+09:00,2026-09-10T19:58:48.330604+09:00,NAVER_SEARCHAD,1,MEDIUM,evergreen|informational,informational,REJECT,/kor/report/visa/nepal.html,LOW_OVERLAP,UNCLEAR_OR_BROAD_INTENT,longtail,,2026-09-10T18:15:37.366810+09:00,
카플란,비자신청,비자신청,visa,30,260,290,높음,,,,,0.3,0.2,0.06,0.9,,False,50,30.0,EXPERIMENT_THEME,NAVER_SEARCHAD,promising,REJECTED,2026-09-10T18:15:37.366810+09:00,2026-09-10T19:58:48.330604+09:00,NAVER_SEARCHAD,1,MEDIUM,evergreen|informational,informational,REJECT,,NO_OVERLAP,UNCLEAR_OR_BROAD_INTENT,longtail,,2026-09-10T18:15:37.366810+09:00,
중국비자신청서,비자신청,비자신청,visa,50,60,110,높음,,,,,0.3,0.2,0.315,0.9,,False,50,30.0,EXPERIMENT_THEME,NAVER_SEARCHAD,promising,NEW,2026-09-10T18:15:37.366810+09:00,2026-09-10T19:58:48.330604+09:00,NAVER_SEARCHAD,1,MEDIUM,evergreen|how-to|informational,how-to,NEW_PAGE,/kor/report/visa/morocco.html,NO_OVERLAP,Fixed semantic similarity threshold.,longtail,,2026-09-10T18:15:37.366810+09:00,2026-09-10T18:15:37.366810+09:00
미국여행준비,비자신청,비자신청,visa,120,340,460,높음,,,,,0.3,0.2,0.12,0.9,,False,50,30.0,EXPERIMENT_THEME,NAVER_SEARCHAD,promising,REJECTED,2026-09-10T18:15:37.366810+09:00,2026-09-10T19:58:48.330604+09:00,NAVER_SEARCHAD,1,MEDIUM,evergreen|informational,informational,REJECT,/kor/util/power-bank-wh-calculator/,LOW_OVERLAP,UNCLEAR_OR_BROAD_INTENT,longtail,,2026-09-10T18:15:37.366810+09:00,
중국비자발급비용,비자신청,비자신청,visa,60,160,220,높음,,,,,0.9,0.2,0.36000000000000004,0.9,,False,50,30.0,EXPERIMENT_THEME,NAVER_SEARCHAD,promising,NEW,2026-09-10T18:15:37.366810+09:00,2026-09-10T19:58:48.330604+09:00,NAVER_SEARCHAD,1,MEDIUM,commercial|evergreen|informational,informational,NEW_PAGE,/kor/report/visa/srilanka.html,NO_OVERLAP,Fixed semantic similarity threshold.,longtail,,2026-09-10T18:15:37.366810+09:00,2026-09-10T18:15:37.366810+09:00
토플,비자신청,비자신청,visa,6690,18000,24690,높음,,,,,0.3,0.2,0.04000000000000001,0.9,,False,50,30.0,EXPERIMENT_THEME,NAVER_SEARCHAD,promising,REJECTED,2026-09-10T18:15:37.366810+09:00,2026-09-10T19:58:48.330604+09:00,NAVER_SEARCHAD,1,MEDIUM,evergreen|informational,informational,REJECT,/kor/report/travel/dominican-puerto-plata.html,NO_OVERLAP,UNCLEAR_OR_BROAD_INTENT,longtail,,2026-09-10T18:15:37.366810+09:00,
중국단수비자,비자신청,비자신청,visa,10,20,30,높음,,,,,0.3,0.2,0.12,0.9,,False,50,30.0,EXPERIMENT_THEME,NAVER_SEARCHAD,promising,REJECTED,2026-09-10T18:15:37.366810+09:00,2026-09-10T19:58:48.330604+09:00,NAVER_SEARCHAD,1,MEDIUM,evergreen|informational,informational,REJECT,/kor/report/visa/lesotho.html,NO_OVERLAP,UNCLEAR_OR_BROAD_INTENT,longtail,,2026-09-10T18:15:37.366810+09:00,
외국인비자연장,비자신청,비자신청,visa,120,240,360,높음,,,,,0.3,0.2,0.13999999999999999,0.9,,False,50,30.0,EXPERIMENT_THEME,NAVER_SEARCHAD,promising,REJECTED,2026-09-10T18:15:37.366810+09:00,2026-09-10T19:58:48.330604+09:00,NAVER_SEARCHAD,1,MEDIUM,evergreen|informational,informational,REJECT,/kor/report/visa/nepal.html,LOW_OVERLAP,UNCLEAR_OR_BROAD_INTENT,longtail,,2026-09-10T18:15:37.366810+09:00,
거치식연금보험,개인연금추천,개인연금추천,finance,10,30,40,높음,,,,,0.3,0.2,0.13999999999999999,0.9,,False,50,51.2,EXPERIMENT_THEME,NAVER_SEARCHAD,promising,REJECTED,2026-09-10T18:15:37.366810+09:00,2026-09-10T19:58:48.330604+09:00,NAVER_SEARCHAD,2,MEDIUM,evergreen|informational,informational,REJECT,/kor/column/health-insurance-tax-strategy-2026.html,NO_OVERLAP,UNCLEAR_OR_BROAD_INTENT,longtail,,2026-09-10T18:15:37.366810+09:00,
개인연금비교,개인연금추천,개인연금추천,finance,20,30,50,높음,,,,,0.3,0.2,0.27,0.9,,False,50,51.2,EXPERIMENT_THEME,NAVER_SEARCHAD,promising,NEW,2026-09-10T18:15:37.366810+09:00,2026-09-10T19:58:48.330604+09:00,NAVER_SEARCHAD,2,MEDIUM,comparison|evergreen|informational,comparison,NEW_PAGE,/kor/report/coin/abond-guide.html,NO_OVERLAP,Fixed semantic similarity threshold.,longtail,,2026-09-10T18:22:53.467440+09:00,2026-09-10T18:22:53.467440+09:00
퇴직연금수령방법,개인연금추천,개인연금추천,finance,2690,10700,13390,높음,,,,,0.3,0.2,0.36000000000000004,0.9,,False,50,51.2,EXPERIMENT_THEME,NAVER_SEARCHAD,promising,PUBLISHED,2026-09-10T18:15:37.366810+09:00,2026-09-10T19:58:48.330604+09:00,NAVER_SEARCHAD,2,MEDIUM,evergreen|how-to|informational,how-to,NEW_PAGE,/kor/util/retirement-pension-withdrawal/,NO_OVERLAP,Fixed semantic similarity threshold.,longtail,,2026-09-10T18:22:53.467440+09:00,2026-09-10T18:22:53.467440+09:00
개인재무설계,개인연금추천,개인연금추천,finance,20,40,60,높음,,,,,0.3,0.2,0.12,0.9,,False,50,51.2,EXPERIMENT_THEME,NAVER_SEARCHAD,promising,REJECTED,2026-09-10T18:15:37.366810+09:00,2026-09-10T19:58:48.330604+09:00,NAVER_SEARCHAD,2,MEDIUM,evergreen|informational,informational,REJECT,/kor/report/coin/abond-guide.html,NO_OVERLAP,UNCLEAR_OR_BROAD_INTENT,longtail,,2026-09-10T18:15:37.366810+09:00,
저축성연금보험,개인연금추천,개인연금추천,finance,580,2790,3370,높음,,,,,0.3,0.2,0.13999999999999999,0.9,,False,50,51.2,EXPERIMENT_THEME,NAVER_SEARCHAD,promising,REJECTED,2026-09-10T18:15:37.366810+09:00,2026-09-10T19:58:48.330604+09:00,NAVER_SEARCHAD,2,MEDIUM,evergreen|informational,informational,REJECT,/kor/column/health-insurance-tax-strategy-2026.html,NO_OVERLAP,UNCLEAR_OR_BROAD_INTENT,longtail,,2026-09-10T18:15:37.366810+09:00,
퇴직연금가입,개인연금추천,개인연금추천,finance,340,400,740,높음,,,,,0.3,0.2,0.12,0.9,,False,50,51.2,EXPERIMENT_THEME,NAVER_SEARCHAD,promising,REJECTED,2026-09-10T18:15:37.366810+09:00,2026-09-10T19:58:48.330604+09:00,NAVER_SEARCHAD,2,MEDIUM,evergreen|informational,informational,REJECT,/kor/report/plc/gx-works2-installation-guide.html,NO_OVERLAP,UNCLEAR_OR_BROAD_INTENT,longtail,,2026-09-10T18:15:37.366810+09:00,
트레이딩뷰,개인연금추천,개인연금추천,finance,51500,18400,69900,중간,,,,,0.3,0.2,0.1,0.9,,False,50,51.2,EXPERIMENT_THEME,NAVER_SEARCHAD,promising,REJECTED,2026-09-10T18:15:37.366810+09:00,2026-09-10T19:58:48.330604+09:00,NAVER_SEARCHAD,2,MEDIUM,evergreen|informational,informational,REJECT,/kor/report/coin/3ull-guide.html,LOW_OVERLAP,UNCLEAR_OR_BROAD_INTENT,longtail,,2026-09-10T18:15:37.366810+09:00,
즉시연금,개인연금추천,개인연금추천,finance,370,2370,2740,높음,,,,,0.3,0.2,0.08000000000000002,0.9,,False,50,51.2,EXPERIMENT_THEME,NAVER_SEARCHAD,promising,REJECTED,2026-09-10T18:15:37.366810+09:00,2026-09-10T19:58:48.330604+09:00,NAVER_SEARCHAD,2,MEDIUM,evergreen|informational,informational,REJECT,/kor/report/animal/rummynosetetra.html,NO_OVERLAP,UNCLEAR_OR_BROAD_INTENT,longtail,,2026-09-10T18:15:37.366810+09:00,
변액연금보험,개인연금추천,개인연금추천,finance,460,1630,2090,중간,,,,,0.3,0.2,0.12,0.9,,False,50,51.2,EXPERIMENT_THEME,NAVER_SEARCHAD,promising,REJECTED,2026-09-10T18:15:37.366810+09:00,2026-09-10T19:58:48.330604+09:00,NAVER_SEARCHAD,2,MEDIUM,evergreen|informational,informational,REJECT,/kor/column/nps-investment-strategy-2026.html,NO_OVERLAP,UNCLEAR_OR_BROAD_INTENT,longtail,,2026-09-10T18:15:37.366810+09:00,
목돈굴리기,개인연금추천,개인연금추천,finance,280,900,1180,높음,,,,,0.3,0.2,0.1,0.9,,False,50,51.2,EXPERIMENT_THEME,NAVER_SEARCHAD,promising,REJECTED,2026-09-10T18:15:37.366810+09:00,2026-09-10T19:58:48.330604+09:00,NAVER_SEARCHAD,2,MEDIUM,evergreen|informational,informational,REJECT,/kor/util/dice3d/,NO_OVERLAP,UNCLEAR_OR_BROAD_INTENT,longtail,,2026-09-10T18:15:37.366810+09:00,
IRP계좌개설이벤트,개인연금추천,개인연금추천,finance,90,140,230,높음,,,,,0.3,0.2,0.2,0.9,,False,50,51.2,EXPERIMENT_THEME,NAVER_SEARCHAD,promising,NEW,2026-09-10T18:15:37.366810+09:00,2026-09-10T19:58:48.330604+09:00,NAVER_SEARCHAD,2,MEDIUM,evergreen|informational,informational,NEW_PAGE,/kor/report/coin/1cat-guide.html,NO_OVERLAP,Fixed semantic similarity threshold.,longtail,,2026-09-10T18:22:53.467440+09:00,2026-09-10T18:22:53.467440+09:00
비과세연금보험,개인연금추천,개인연금추천,finance,360,970,1330,높음,,,,,0.3,0.2,0.13999999999999999,0.9,,False,50,51.2,EXPERIMENT_THEME,NAVER_SEARCHAD,promising,REJECTED,2026-09-10T18:15:37.366810+09:00,2026-09-10T19:58:48.330604+09:00,NAVER_SEARCHAD,2,MEDIUM,evergreen|informational,informational,REJECT,/kor/column/isa-account-tax-free-2026.html,NO_OVERLAP,UNCLEAR_OR_BROAD_INTENT,longtail,,2026-09-10T18:15:37.366810+09:00,
일시납연금보험추천,개인연금추천,개인연금추천,finance,50,120,170,높음,,,,,0.9,0.2,0.405,0.9,,False,50,51.2,EXPERIMENT_THEME,NAVER_SEARCHAD,promising,NEW,2026-09-10T18:15:37.366810+09:00,2026-09-10T19:58:48.330604+09:00,NAVER_SEARCHAD,2,MEDIUM,commercial|evergreen|informational,informational,NEW_PAGE,/report/travel/portugal-setubal.html,NO_OVERLAP,Fixed semantic similarity threshold.,longtail,,2026-09-10T18:22:53.467440+09:00,2026-09-10T18:22:53.467440+09:00
개인연금가입,개인연금추천,개인연금추천,finance,60,140,200,높음,,,,,0.3,0.2,0.12,0.9,,False,50,51.2,EXPERIMENT_THEME,NAVER_SEARCHAD,promising,REJECTED,2026-09-10T18:15:37.366810+09:00,2026-09-10T19:58:48.330604+09:00,NAVER_SEARCHAD,2,MEDIUM,evergreen|informational,informational,REJECT,/kor/report/coin/abond-guide.html,NO_OVERLAP,UNCLEAR_OR_BROAD_INTENT,longtail,,2026-09-10T18:15:37.366810+09:00,
퇴직연금IRP,개인연금추천,개인연금추천,finance,2070,6440,8510,높음,,,,,0.3,0.2,0.13999999999999999,0.9,,False,50,51.2,EXPERIMENT_THEME,NAVER_SEARCHAD,promising,REJECTED,2026-09-10T18:15:37.366810+09:00,2026-09-10T19:58:48.330604+09:00,NAVER_SEARCHAD,2,MEDIUM,evergreen|informational,informational,REJECT,/kor/column/irp-vs-personal-pension-etf-2026.html,NO_OVERLAP,UNCLEAR_OR_BROAD_INTENT,longtail,,2026-09-10T18:15:37.366810+09:00,
연금저축추천,개인연금추천,개인연금추천,finance,720,5130,5850,높음,,,,,0.9,0.2,0.27,0.9,,False,50,51.2,EXPERIMENT_THEME,NAVER_SEARCHAD,promising,NEW,2026-09-10T18:15:37.366810+09:00,2026-09-10T19:58:48.330604+09:00,NAVER_SEARCHAD,2,MEDIUM,commercial|evergreen|informational,informational,NEW_PAGE,/report/travel/portugal-setubal.html,NO_OVERLAP,Fixed semantic similarity threshold.,longtail,,2026-09-10T18:22:53.467440+09:00,2026-09-10T18:22:53.467440+09:00
비과세개인연금추천,개인연금추천,개인연금추천,finance,60,170,230,높음,,,,,0.9,0.2,0.405,0.9,,False,50,51.2,EXPERIMENT_THEME,NAVER_SEARCHAD,promising,NEW,2026-09-10T18:15:37.366810+09:00,2026-09-10T19:58:48.330604+09:00,NAVER_SEARCHAD,2,MEDIUM,commercial|evergreen|informational,informational,NEW_PAGE,/kor/report/window/windows11-dark-vs-light-mode-comparison.html,NO_OVERLAP,Fixed semantic similarity threshold.,longtail,,2026-09-10T18:22:53.467440+09:00,2026-09-10T18:22:53.467440+09:00
비과세연금저축,개인연금추천,개인연금추천,finance,60,200,260,높음,,,,,0.3,0.2,0.13999999999999999,0.9,,False,50,51.2,EXPERIMENT_THEME,NAVER_SEARCHAD,promising,REJECTED,2026-09-10T18:15:37.366810+09:00,2026-09-10T19:58:48.330604+09:00,NAVER_SEARCHAD,2,MEDIUM,evergreen|informational,informational,REJECT,/kor/report/finance/saving-100m-timeline-2026.html,NO_OVERLAP,UNCLEAR_OR_BROAD_INTENT,longtail,,2026-09-10T18:15:37.366810+09:00,
개인연금보험,개인연금추천,개인연금추천,finance,370,440,810,높음,,,,,0.3,0.2,0.12,0.9,,False,50,51.2,EXPERIMENT_THEME,NAVER_SEARCHAD,promising,REJECTED,2026-09-10T18:15:37.366810+09:00,2026-09-10T19:58:48.330604+09:00,NAVER_SEARCHAD,2,MEDIUM,evergreen|informational,informational,REJECT,/kor/report/coin/abond-guide.html,NO_OVERLAP,UNCLEAR_OR_BROAD_INTENT,longtail,,2026-09-10T18:15:37.366810+09:00,
연금저축가입,개인연금추천,개인연금추천,finance,80,160,240,높음,,,,,0.3,0.2,0.12,0.9,,False,50,51.2,EXPERIMENT_THEME,NAVER_SEARCHAD,promising,REJECTED,2026-09-10T18:15:37.366810+09:00,2026-09-10T19:58:48.330604+09:00,NAVER_SEARCHAD,2,MEDIUM,evergreen|informational,informational,REJECT,/kor/report/finance/saving-100m-timeline-2026.html,NO_OVERLAP,UNCLEAR_OR_BROAD_INTENT,longtail,,2026-09-10T18:15:37.366810+09:00,
고양이사료샘플,고양이사료추천,고양이사료추천,animal,320,1080,1400,높음,,,,,0.3,0.2,0.13999999999999999,0.9,,False,50,45.0,EXPERIMENT_THEME,NAVER_SEARCHAD,promising,REJECTED,2026-09-10T18:15:37.366810+09:00,2026-09-10T19:58:48.330604+09:00,NAVER_SEARCHAD,2,MEDIUM,evergreen|informational,informational,REJECT,/kor/report/animal/pleco.html,NO_OVERLAP,UNCLEAR_OR_BROAD_INTENT,longtail,,2026-09-10T18:15:37.366810+09:00,
고양이밥,고양이사료추천,고양이사료추천,animal,320,1690,2010,높음,,,,,0.3,0.2,0.08000000000000002,0.9,,False,50,45.0,EXPERIMENT_THEME,NAVER_SEARCHAD,promising,REJECTED,2026-09-10T18:15:37.366810+09:00,2026-09-10T19:58:48.330604+09:00,NAVER_SEARCHAD,2,MEDIUM,evergreen|informational,informational,REJECT,/kor/report/travel/korea-goyang.html,NO_OVERLAP,UNCLEAR_OR_BROAD_INTENT,longtail,,2026-09-10T18:15:37.366810+09:00,
고양이다이어트사료,고양이사료추천,고양이사료추천,animal,170,880,1050,높음,,,,,0.3,0.2,0.18000000000000002,0.9,,False,50,45.0,EXPERIMENT_THEME,NAVER_SEARCHAD,promising,REJECTED,2026-09-10T18:15:37.366810+09:00,2026-09-10T19:58:48.330604+09:00,NAVER_SEARCHAD,2,MEDIUM,evergreen|informational,informational,REJECT,/kor/report/compare/dumbbell-compare.html,NO_OVERLAP,UNCLEAR_OR_BROAD_INTENT,longtail,,2026-09-10T18:15:37.366810+09:00,
강아지사료추천,고양이사료추천,고양이사료추천,animal,620,1750,2370,높음,,,,,0.9,0.2,0.315,0.9,,False,50,45.0,EXPERIMENT_THEME,NAVER_SEARCHAD,promising,NEW,2026-09-10T18:15:37.366810+09:00,2026-09-10T19:58:48.330604+09:00,NAVER_SEARCHAD,2,MEDIUM,commercial|evergreen|informational,informational,NEW_PAGE,/kor/report/animal/pleco.html,NO_OVERLAP,Fixed semantic similarity threshold.,longtail,,2026-09-10T18:22:53.467440+09:00,2026-09-10T18:22:53.467440+09:00
고양이샘플사료,고양이사료추천,고양이사료추천,animal,80,230,310,높음,,,,,0.3,0.2,0.13999999999999999,0.9,,False,50,45.0,EXPERIMENT_THEME,NAVER_SEARCHAD,promising,REJECTED,2026-09-10T18:15:37.366810+09:00,2026-09-10T19:58:48.330604+09:00,NAVER_SEARCHAD,2,MEDIUM,evergreen|informational,informational,REJECT,/kor/report/animal/pleco.html,NO_OVERLAP,UNCLEAR_OR_BROAD_INTENT,longtail,,2026-09-10T18:15:37.366810+09:00,
고양이처방사료,고양이사료추천,고양이사료추천,animal,40,160,200,높음,,,,,0.3,0.2,0.13999999999999999,0.9,,False,50,45.0,EXPERIMENT_THEME,NAVER_SEARCHAD,promising,REJECTED,2026-09-10T18:15:37.366810+09:00,2026-09-10T19:58:48.330604+09:00,NAVER_SEARCHAD,2,MEDIUM,evergreen|informational,informational,REJECT,/kor/report/animal/pleco.html,NO_OVERLAP,UNCLEAR_OR_BROAD_INTENT,longtail,,2026-09-10T18:15:37.366810+09:00,
고양이먹이,고양이사료추천,고양이사료추천,animal,140,850,990,높음,,,,,0.3,0.2,0.1,0.9,,False,50,45.0,EXPERIMENT_THEME,NAVER_SEARCHAD,promising,REJECTED,2026-09-10T18:15:37.366810+09:00,2026-09-10T19:58:48.330604+09:00,NAVER_SEARCHAD,2,MEDIUM,evergreen|informational,informational,REJECT,/kor/report/animal/genet.html,NO_OVERLAP,UNCLEAR_OR_BROAD_INTENT,longtail,,2026-09-10T18:15:37.366810+09:00,
이볼브사료,고양이사료추천,고양이사료추천,animal,10,20,30,높음,,,,,0.3,0.2,0.1,0.9,,False,50,45.0,EXPERIMENT_THEME,NAVER_SEARCHAD,promising,REJECTED,2026-09-10T18:15:37.366810+09:00,2026-09-10T19:58:48.330604+09:00,NAVER_SEARCHAD,2,MEDIUM,evergreen|informational,informational,REJECT,/kor/report/animal/pleco.html,NO_OVERLAP,UNCLEAR_OR_BROAD_INTENT,longtail,,2026-09-10T18:15:37.366810+09:00,
고양이눈물사료,고양이사료추천,고양이사료추천,animal,10,50,60,높음,,,,,0.3,0.2,0.13999999999999999,0.9,,False,50,45.0,EXPERIMENT_THEME,NAVER_SEARCHAD,promising,REJECTED,2026-09-10T18:15:37.366810+09:00,2026-09-10T19:58:48.330604+09:00,NAVER_SEARCHAD,2,MEDIUM,evergreen|informational,informational,REJECT,/kor/report/animal/pleco.html,NO_OVERLAP,UNCLEAR_OR_BROAD_INTENT,longtail,,2026-09-10T18:15:37.366810+09:00,
스핑크스고양이사료,고양이사료추천,고양이사료추천,animal,,10,,높음,,,,,0.3,0.2,0.18000000000000002,0.9,,False,0,45.0,EXPERIMENT_THEME,NAVER_SEARCHAD,promising,REJECTED,2026-09-10T18:15:37.366810+09:00,2026-09-10T19:58:48.330604+09:00,NAVER_SEARCHAD,2,UNVERIFIED,evergreen|informational,informational,REJECT,/kor/report/travel/egypt-cairo.html,NO_OVERLAP,UNCLEAR_OR_BROAD_INTENT,longtail,CENSORED_OR_MISSING,2026-09-10T18:15:37.366810+09:00,
본아페티고양이사료,고양이사료추천,고양이사료추천,animal,140,80,220,높음,,,,,0.3,0.2,0.18000000000000002,0.9,,False,50,45.0,EXPERIMENT_THEME,NAVER_SEARCHAD,promising,REJECTED,2026-09-10T18:15:37.366810+09:00,2026-09-10T19:58:48.330604+09:00,NAVER_SEARCHAD,2,MEDIUM,evergreen|informational,informational,REJECT,/kor/report/travel/suriname-afetina.html,NO_OVERLAP,UNCLEAR_OR_BROAD_INTENT,longtail,,2026-09-10T18:15:37.366810+09:00,
저단백고양이사료,고양이사료추천,고양이사료추천,animal,,10,,높음,,,,,0.3,0.2,0.16000000000000003,0.9,,False,0,45.0,EXPERIMENT_THEME,NAVER_SEARCHAD,promising,REJECTED,2026-09-10T18:15:37.366810+09:00,2026-09-10T19:58:48.330604+09:00,NAVER_SEARCHAD,2,UNVERIFIED,evergreen|informational,informational,REJECT,/kor/report/animal/pleco.html,NO_OVERLAP,UNCLEAR_OR_BROAD_INTENT,longtail,CENSORED_OR_MISSING,2026-09-10T18:15:37.366810+09:00,
고양이가수분해사료,고양이사료추천,고양이사료추천,animal,70,420,490,중간,,,,,0.3,0.2,0.18000000000000002,0.9,,False,50,45.0,EXPERIMENT_THEME,NAVER_SEARCHAD,promising,REJECTED,2026-09-10T18:15:37.366810+09:00,2026-09-10T19:58:48.330604+09:00,NAVER_SEARCHAD,2,MEDIUM,evergreen|informational,informational,REJECT,/kor/report/animal/pleco.html,NO_OVERLAP,UNCLEAR_OR_BROAD_INTENT,longtail,,2026-09-10T18:15:37.366810+09:00,
고양이그레인프리사료,고양이사료추천,고양이사료추천,animal,10,30,40,높음,,,,,0.3,0.2,0.2,0.9,,False,50,45.0,EXPERIMENT_THEME,NAVER_SEARCHAD,promising,NEW,2026-09-10T18:15:37.366810+09:00,2026-09-10T19:58:48.330604+09:00,NAVER_SEARCHAD,2,MEDIUM,evergreen|informational,informational,NEW_PAGE,/kor/report/animal/parrot.html,NO_OVERLAP,Fixed semantic similarity threshold.,longtail,,2026-09-10T18:22:53.467440+09:00,2026-09-10T18:22:53.467440+09:00
대용량개사료,고양이사료추천,고양이사료추천,animal,30,80,110,중간,,,,,0.3,0.2,0.12,0.9,,False,50,45.0,EXPERIMENT_THEME,NAVER_SEARCHAD,promising,REJECTED,2026-09-10T18:15:37.366810+09:00,2026-09-10T19:58:48.330604+09:00,NAVER_SEARCHAD,2,MEDIUM,evergreen|informational,informational,REJECT,/kor/report/costco/costco-beauty-2026.html,NO_OVERLAP,UNCLEAR_OR_BROAD_INTENT,longtail,,2026-09-10T18:15:37.366810+09:00,
고양이다이어트사료추천,고양이사료추천,고양이사료추천,animal,40,170,210,높음,,,,,0.9,0.2,0.49500000000000005,0.9,,False,50,45.0,EXPERIMENT_THEME,NAVER_SEARCHAD,promising,NEW,2026-09-10T18:15:37.366810+09:00,2026-09-10T19:58:48.330604+09:00,NAVER_SEARCHAD,2,MEDIUM,commercial|evergreen|informational,informational,NEW_PAGE,/kor/report/compare/dumbbell-compare.html,NO_OVERLAP,Fixed semantic similarity threshold.,longtail,,2026-09-10T18:22:53.467440+09:00,2026-09-10T18:22:53.467440+09:00
헤어볼사료,고양이사료추천,고양이사료추천,animal,20,100,120,높음,,,,,0.3,0.2,0.1,0.9,,False,50,45.0,EXPERIMENT_THEME,NAVER_SEARCHAD,promising,REJECTED,2026-09-10T18:15:37.366810+09:00,2026-09-10T19:58:48.330604+09:00,NAVER_SEARCHAD,2,MEDIUM,evergreen|informational,informational,REJECT,/kor/report/animal/lionhead.html,NO_OVERLAP,UNCLEAR_OR_BROAD_INTENT,longtail,,2026-09-10T18:15:37.366810+09:00,
고양이헤어볼사료,고양이사료추천,고양이사료추천,animal,30,270,300,높음,,,,,0.3,0.2,0.16000000000000003,0.9,,False,50,45.0,EXPERIMENT_THEME,NAVER_SEARCHAD,promising,REJECTED,2026-09-10T18:15:37.366810+09:00,2026-09-10T19:58:48.330604+09:00,NAVER_SEARCHAD,2,MEDIUM,evergreen|informational,informational,REJECT,/kor/report/animal/lionhead.html,NO_OVERLAP,UNCLEAR_OR_BROAD_INTENT,longtail,,2026-09-10T18:15:37.366810+09:00,
고양이체중조절사료,고양이사료추천,고양이사료추천,animal,,40,,높음,,,,,0.3,0.2,0.18000000000000002,0.9,,False,0,45.0,EXPERIMENT_THEME,NAVER_SEARCHAD,promising,REJECTED,2026-09-10T18:15:37.366810+09:00,2026-09-10T19:58:48.330604+09:00,NAVER_SEARCHAD,2,UNVERIFIED,evergreen|informational,informational,REJECT,/kor/column/weight-control-healthy-aging-2026.html,NO_OVERLAP,UNCLEAR_OR_BROAD_INTENT,longtail,CENSORED_OR_MISSING,2026-09-10T18:15:37.366810+09:00,
유산균사료,고양이사료추천,고양이사료추천,animal,10,30,40,높음,,,,,0.3,0.2,0.1,0.9,,False,50,45.0,EXPERIMENT_THEME,NAVER_SEARCHAD,promising,REJECTED,2026-09-10T18:15:37.366810+09:00,2026-09-10T19:58:48.330604+09:00,NAVER_SEARCHAD,2,MEDIUM,evergreen|informational,informational,REJECT,/kor/report/animal/pleco.html,NO_OVERLAP,UNCLEAR_OR_BROAD_INTENT,longtail,,2026-09-10T18:15:37.366810+09:00,
미국B1비자,미국비자신청,미국비자신청,visa,290,670,960,높음,,,,,0.3,0.2,0.12,0.9,,False,50,45.0,NEW,NAVER_SEARCHAD,promising,REJECTED,2026-09-10T18:15:37.366810+09:00,2026-09-10T19:58:48.330604+09:00,NAVER_SEARCHAD,2,MEDIUM,evergreen|informational,informational,REJECT,/kor/report/visa/morocco.html,NO_OVERLAP,UNCLEAR_OR_BROAD_INTENT,longtail,,2026-09-10T18:15:37.366810+09:00,
ESTA대행,미국비자신청,미국비자신청,visa,20,30,50,높음,,,,,0.3,0.2,0.12,0.9,,False,50,45.0,NEW,NAVER_SEARCHAD,promising,REJECTED,2026-09-10T18:15:37.366810+09:00,2026-09-10T19:58:48.330604+09:00,NAVER_SEARCHAD,2,MEDIUM,evergreen|informational,informational,REJECT,/kor/stockwiki/test/,NO_OVERLAP,UNCLEAR_OR_BROAD_INTENT,longtail,,2026-09-10T18:15:37.366810+09:00,
미국여행비자,미국비자신청,미국비자신청,visa,1130,3620,4750,높음,,,,,0.3,0.2,0.12,0.9,,False,50,45.0,NEW,NAVER_SEARCHAD,promising,REJECTED,2026-09-10T18:15:37.366810+09:00,2026-09-10T19:58:48.330604+09:00,NAVER_SEARCHAD,2,MEDIUM,evergreen|informational,informational,REJECT,/kor/report/travel/slovakia-prievidza.html,NO_OVERLAP,UNCLEAR_OR_BROAD_INTENT,longtail,,2026-09-10T18:15:37.366810+09:00,
호주비자발급대행,미국비자신청,미국비자신청,visa,,,,높음,,,,,0.3,0.2,0.16000000000000003,0.9,,False,0,45.0,NEW,NAVER_SEARCHAD,promising,REJECTED,2026-09-10T18:15:37.366810+09:00,2026-09-10T19:58:48.330604+09:00,NAVER_SEARCHAD,2,UNVERIFIED,evergreen|informational,informational,REJECT,/kor/report/visa/srilanka.html,NO_OVERLAP,UNCLEAR_OR_BROAD_INTENT,longtail,CENSORED_OR_MISSING,2026-09-10T18:15:37.366810+09:00,
호주비자신청대행,미국비자신청,미국비자신청,visa,,10,,높음,,,,,0.3,0.2,0.36000000000000004,0.9,,False,0,45.0,NEW,NAVER_SEARCHAD,promising,NEW,2026-09-10T18:15:37.366810+09:00,2026-09-10T19:58:48.330604+09:00,NAVER_SEARCHAD,2,UNVERIFIED,evergreen|how-to|informational,how-to,NEW_PAGE,/kor/report/visa/vatican.html,NO_OVERLAP,Fixed semantic similarity threshold.,longtail,CENSORED_OR_MISSING,2026-09-10T18:15:37.366810+09:00,2026-09-10T18:15:37.366810+09:00
ESTA비자대행,미국비자신청,미국비자신청,visa,10,10,20,높음,,,,,0.3,0.2,0.16000000000000003,0.9,,False,50,45.0,NEW,NAVER_SEARCHAD,promising,REJECTED,2026-09-10T18:15:37.366810+09:00,2026-09-10T19:58:48.330604+09:00,NAVER_SEARCHAD,2,MEDIUM,evergreen|informational,informational,REJECT,/kor/stockwiki/test/,NO_OVERLAP,UNCLEAR_OR_BROAD_INTENT,longtail,,2026-09-10T18:15:37.366810+09:00,
EAST,미국비자신청,미국비자신청,visa,1140,5030,6170,높음,,,,,0.3,0.2,0.08000000000000002,0.9,,False,50,45.0,NEW,NAVER_SEARCHAD,promising,REJECTED,2026-09-10T18:15:37.366810+09:00,2026-09-10T19:58:48.330604+09:00,NAVER_SEARCHAD,2,MEDIUM,evergreen|informational,informational,REJECT,/kor/report/coin/asto-guide.html,LOW_OVERLAP,UNCLEAR_OR_BROAD_INTENT,longtail,,2026-09-10T18:15:37.366810+09:00,
미국비자연장,미국비자신청,미국비자신청,visa,10,40,50,높음,,,,,0.3,0.2,0.12,0.9,,False,50,45.0,NEW,NAVER_SEARCHAD,promising,REJECTED,2026-09-10T18:15:37.366810+09:00,2026-09-10T19:58:48.330604+09:00,NAVER_SEARCHAD,2,MEDIUM,evergreen|informational,informational,REJECT,/kor/report/visa/nepal.html,LOW_OVERLAP,UNCLEAR_OR_BROAD_INTENT,longtail,,2026-09-10T18:15:37.366810+09:00,
미국ESTA대행,미국비자신청,미국비자신청,visa,,10,,높음,,,,,0.3,0.2,0.16000000000000003,0.9,,False,0,45.0,NEW,NAVER_SEARCHAD,promising,REJECTED,2026-09-10T18:15:37.366810+09:00,2026-09-10T19:58:48.330604+09:00,NAVER_SEARCHAD,2,UNVERIFIED,evergreen|informational,informational,REJECT,/kor/stockwiki/test/,NO_OVERLAP,UNCLEAR_OR_BROAD_INTENT,longtail,CENSORED_OR_MISSING,2026-09-10T18:15:37.366810+09:00,
호주ETA비자대행,미국비자신청,미국비자신청,visa,,,,높음,,,,,0.3,0.2,0.18000000000000002,0.9,,False,0,45.0,NEW,NAVER_SEARCHAD,promising,REJECTED,2026-09-10T18:15:37.366810+09:00,2026-09-10T19:58:48.330604+09:00,NAVER_SEARCHAD,2,UNVERIFIED,evergreen|informational,informational,REJECT,/kor/report/travel/australia-goldcoast.html,NO_OVERLAP,UNCLEAR_OR_BROAD_INTENT,longtail,CENSORED_OR_MISSING,2026-09-10T18:15:37.366810+09:00,
호주관광비자대행,미국비자신청,미국비자신청,visa,,10,,높음,,,,,0.3,0.2,0.16000000000000003,0.9,,False,0,45.0,NEW,NAVER_SEARCHAD,promising,REJECTED,2026-09-10T18:15:37.366810+09:00,2026-09-10T19:58:48.330604+09:00,NAVER_SEARCHAD,2,UNVERIFIED,evergreen|informational,informational,REJECT,/kor/report/visa/northkorea.html,LOW_OVERLAP,UNCLEAR_OR_BROAD_INTENT,longtail,CENSORED_OR_MISSING,2026-09-10T18:15:37.366810+09:00,
EASTA,미국비자신청,미국비자신청,visa,150,120,270,중간,,,,,0.3,0.2,0.1,0.9,,False,50,45.0,NEW,NAVER_SEARCHAD,promising,REJECTED,2026-09-10T18:15:37.366810+09:00,2026-09-10T19:58:48.330604+09:00,NAVER_SEARCHAD,2,MEDIUM,evergreen|informational,informational,REJECT,/kor/report/coin/asto-guide.html,LOW_OVERLAP,UNCLEAR_OR_BROAD_INTENT,longtail,,2026-09-10T18:15:37.366810+09:00,
B2비자,미국비자신청,미국비자신청,visa,110,270,380,높음,,,,,0.3,0.2,0.08000000000000002,0.9,,False,50,45.0,NEW,NAVER_SEARCHAD,promising,REJECTED,2026-09-10T18:15:37.366810+09:00,2026-09-10T19:58:48.330604+09:00,NAVER_SEARCHAD,2,MEDIUM,evergreen|informational,informational,REJECT,/kor/report/visa/,NO_OVERLAP,UNCLEAR_OR_BROAD_INTENT,longtail,,2026-09-10T18:15:37.366810+09:00,
ESTA발급,미국비자신청,미국비자신청,visa,180,120,300,높음,,,,,0.3,0.2,0.12,0.9,,False,50,45.0,NEW,NAVER_SEARCHAD,promising,REJECTED,2026-09-10T18:15:37.366810+09:00,2026-09-10T19:58:48.330604+09:00,NAVER_SEARCHAD,2,MEDIUM,evergreen|informational,informational,REJECT,/kor/stockwiki/test/,NO_OVERLAP,UNCLEAR_OR_BROAD_INTENT,longtail,,2026-09-10T18:15:37.366810+09:00,
미국ESTA,미국비자신청,미국비자신청,visa,1870,1660,3530,높음,,,,,0.3,0.2,0.12,0.9,,False,50,45.0,NEW,NAVER_SEARCHAD,promising,REJECTED,2026-09-10T18:15:37.366810+09:00,2026-09-10T19:58:48.330604+09:00,NAVER_SEARCHAD,2,MEDIUM,evergreen|informational,informational,REJECT,/kor/stockwiki/test/,NO_OVERLAP,UNCLEAR_OR_BROAD_INTENT,longtail,,2026-09-10T18:15:37.366810+09:00,
미국ETA,미국비자신청,미국비자신청,visa,160,200,360,높음,,,,,0.3,0.2,0.1,0.9,,False,50,45.0,NEW,NAVER_SEARCHAD,promising,REJECTED,2026-09-10T18:15:37.366810+09:00,2026-09-10T19:58:48.330604+09:00,NAVER_SEARCHAD,2,MEDIUM,evergreen|informational,informational,REJECT,/kor/report/travel/australia-goldcoast.html,NO_OVERLAP,UNCLEAR_OR_BROAD_INTENT,longtail,,2026-09-10T18:15:37.366810+09:00,
이스타발급,미국비자신청,미국비자신청,visa,130,120,250,높음,,,,,0.3,0.2,0.1,0.9,,False,50,45.0,NEW,NAVER_SEARCHAD,promising,REJECTED,2026-09-10T18:15:37.366810+09:00,2026-09-10T19:58:48.330604+09:00,NAVER_SEARCHAD,2,MEDIUM,evergreen|informational,informational,REJECT,/kor/report/travel/tajikistan-istaravshan.html,NO_OVERLAP,UNCLEAR_OR_BROAD_INTENT,longtail,,2026-09-10T18:15:37.366810+09:00,
호주관광비자,미국비자신청,미국비자신청,visa,210,720,930,높음,,,,,0.3,0.2,0.12,0.9,,False,50,45.0,NEW,NAVER_SEARCHAD,promising,REJECTED,2026-09-10T18:15:37.366810+09:00,2026-09-10T19:58:48.330604+09:00,NAVER_SEARCHAD,2,MEDIUM,evergreen|informational,informational,REJECT,/kor/report/visa/northkorea.html,LOW_OVERLAP,UNCLEAR_OR_BROAD_INTENT,longtail,,2026-09-10T18:15:37.366810+09:00,
이스타비자출력,미국비자신청,미국비자신청,visa,30,60,90,중간,,,,,0.3,0.2,0.13999999999999999,0.9,,False,50,45.0,NEW,NAVER_SEARCHAD,promising,REJECTED,2026-09-10T18:15:37.366810+09:00,2026-09-10T19:58:48.330604+09:00,NAVER_SEARCHAD,2,MEDIUM,evergreen|informational,informational,REJECT,/kor/report/visa/hungary.html,NO_OVERLAP,UNCLEAR_OR_BROAD_INTENT,longtail,,2026-09-10T18:15:37.366810+09:00,
미국비자대행수수료,미국비자신청,미국비자신청,visa,10,20,30,높음,,,,,0.3,0.2,0.18000000000000002,0.9,,False,50,45.0,NEW,NAVER_SEARCHAD,promising,REJECTED,2026-09-10T18:15:37.366810+09:00,2026-09-10T19:58:48.330604+09:00,NAVER_SEARCHAD,2,MEDIUM,evergreen|informational,informational,REJECT,/kor/report/visa/iran.html,NO_OVERLAP,UNCLEAR_OR_BROAD_INTENT,longtail,,2026-09-10T18:15:37.366810+09:00,
고양이습식사료,기호성좋은고양이사료,기호성좋은고양이사료,animal,750,4490,5240,중간,,,,,0.3,0.2,0.13999999999999999,0.9,,False,50,45.0,NEW,NAVER_SEARCHAD,backlog,REJECTED,2026-09-10T18:15:37.366810+09:00,2026-09-10T19:58:48.330604+09:00,NAVER_SEARCHAD,2,MEDIUM,evergreen|informational,informational,REJECT,/kor/report/animal/meerkat.html,NO_OVERLAP,UNCLEAR_OR_BROAD_INTENT,longtail,,2026-09-10T18:15:37.366810+09:00,
고양이습식,기호성좋은고양이사료,기호성좋은고양이사료,animal,390,1540,1930,중간,,,,,0.3,0.2,0.1,0.9,,False,50,45.0,NEW,NAVER_SEARCHAD,backlog,REJECTED,2026-09-10T18:15:37.366810+09:00,2026-09-10T19:58:48.330604+09:00,NAVER_SEARCHAD,2,MEDIUM,evergreen|informational,informational,REJECT,/kor/report/travel/korea-goyang.html,NO_OVERLAP,UNCLEAR_OR_BROAD_INTENT,longtail,,2026-09-10T18:15:37.366810+09:00,
고양이습식사료추천,기호성좋은고양이사료,기호성좋은고양이사료,animal,100,450,550,높음,,,,,0.9,0.2,0.405,0.9,,False,50,45.0,NEW,NAVER_SEARCHAD,backlog,NEW,2026-09-10T18:15:37.366810+09:00,2026-09-10T19:58:48.330604+09:00,NAVER_SEARCHAD,2,MEDIUM,commercial|evergreen|informational,informational,NEW_PAGE,/kor/report/animal/meerkat.html,NO_OVERLAP,Fixed semantic similarity threshold.,longtail,,2026-09-10T18:15:37.366810+09:00,2026-09-10T18:22:53.467440+09:00
고양이캔,기호성좋은고양이사료,기호성좋은고양이사료,animal,1140,4610,5750,중간,,,,,0.3,0.2,0.08000000000000002,0.9,,False,50,45.0,NEW,NAVER_SEARCHAD,backlog,REJECTED,2026-09-10T18:15:37.366810+09:00,2026-09-10T19:58:48.330604+09:00,NAVER_SEARCHAD,2,MEDIUM,evergreen|informational,informational,REJECT,/kor/report/travel/korea-goyang.html,NO_OVERLAP,UNCLEAR_OR_BROAD_INTENT,longtail,,2026-09-10T18:15:37.366810+09:00,
랙돌사료,기호성좋은고양이사료,기호성좋은고양이사료,animal,,60,,높음,,,,,0.3,0.2,0.08000000000000002,0.9,,False,0,45.0,NEW,NAVER_SEARCHAD,backlog,REJECTED,2026-09-10T18:15:37.366810+09:00,2026-09-10T19:58:48.330604+09:00,NAVER_SEARCHAD,2,UNVERIFIED,evergreen|informational,informational,REJECT,/kor/report/animal/pleco.html,NO_OVERLAP,UNCLEAR_OR_BROAD_INTENT,longtail,CENSORED_OR_MISSING,2026-09-10T18:15:37.366810+09:00,
애기고양이사료,기호성좋은고양이사료,기호성좋은고양이사료,animal,,20,,높음,,,,,0.3,0.2,0.13999999999999999,0.9,,False,0,45.0,NEW,NAVER_SEARCHAD,backlog,REJECTED,2026-09-10T18:15:37.366810+09:00,2026-09-10T19:58:48.330604+09:00,NAVER_SEARCHAD,2,UNVERIFIED,evergreen|informational,informational,REJECT,/kor/report/animal/pleco.html,NO_OVERLAP,UNCLEAR_OR_BROAD_INTENT,longtail,CENSORED_OR_MISSING,2026-09-10T18:15:37.366810+09:00,
고양이주식파우치,기호성좋은고양이사료,기호성좋은고양이사료,animal,30,160,190,높음,,,,,0.3,0.2,0.16000000000000003,0.9,,False,50,45.0,NEW,NAVER_SEARCHAD,backlog,REJECTED,2026-09-10T18:15:37.366810+09:00,2026-09-10T19:58:48.330604+09:00,NAVER_SEARCHAD,2,MEDIUM,evergreen|informational,informational,REJECT,/kor/report/animal/chameleon.html,NO_OVERLAP,UNCLEAR_OR_BROAD_INTENT,longtail,,2026-09-10T18:15:37.366810+09:00,
길냥이대용량사료,길고양이사료20KG,길고양이사료20kg,animal,,10,,높음,,,,,0.3,0.2,0.16000000000000003,0.9,,False,0,45.0,NEW,NAVER_SEARCHAD,backlog,REJECTED,2026-09-10T18:15:37.366810+09:00,2026-09-10T19:58:48.330604+09:00,NAVER_SEARCHAD,2,UNVERIFIED,evergreen|informational,informational,REJECT,/kor/report/costco/costco-beauty-2026.html,NO_OVERLAP,UNCLEAR_OR_BROAD_INTENT,longtail,CENSORED_OR_MISSING,2026-09-10T18:15:37.366810+09:00,
팜스코고양이사료,길고양이사료20KG,길고양이사료20kg,animal,,10,,높음,,,,,0.3,0.2,0.16000000000000003,0.9,,False,0,45.0,NEW,NAVER_SEARCHAD,backlog,REJECTED,2026-09-10T18:15:37.366810+09:00,2026-09-10T19:58:48.330604+09:00,NAVER_SEARCHAD,2,UNVERIFIED,evergreen|informational,informational,REJECT,/kor/report/travel/el-salvador-san-francisco-gotera.html,NO_OVERLAP,UNCLEAR_OR_BROAD_INTENT,longtail,CENSORED_OR_MISSING,2026-09-10T18:15:37.366810+09:00,
캣츠러브사료,길고양이사료20KG,길고양이사료20kg,animal,10,60,70,높음,,,,,0.3,0.2,0.12,0.9,,False,50,45.0,NEW,NAVER_SEARCHAD,backlog,REJECTED,2026-09-10T18:15:37.366810+09:00,2026-09-10T19:58:48.330604+09:00,NAVER_SEARCHAD,2,MEDIUM,evergreen|informational,informational,REJECT,/kor/report/animal/pleco.html,NO_OVERLAP,UNCLEAR_OR_BROAD_INTENT,longtail,,2026-09-10T18:15:37.366810+09:00,
길냥이사료대용량,길고양이사료20KG,길고양이사료20kg,animal,10,70,80,중간,,,,,0.3,0.2,0.16000000000000003,0.9,,False,50,45.0,NEW,NAVER_SEARCHAD,backlog,REJECTED,2026-09-10T18:15:37.366810+09:00,2026-09-10T19:58:48.330604+09:00,NAVER_SEARCHAD,2,MEDIUM,evergreen|informational,informational,REJECT,/kor/report/costco/costco-beauty-2026.html,NO_OVERLAP,UNCLEAR_OR_BROAD_INTENT,longtail,,2026-09-10T18:15:37.366810+09:00,
캣츠러브15KG,길고양이사료20KG,길고양이사료20kg,animal,,10,,높음,,,,,0.3,0.2,0.16000000000000003,0.9,,False,0,45.0,NEW,NAVER_SEARCHAD,backlog,REJECTED,2026-09-10T18:15:37.366810+09:00,2026-09-10T19:58:48.330604+09:00,NAVER_SEARCHAD,2,UNVERIFIED,evergreen|informational,informational,REJECT,/kor/report/compare/sleeping-bag-compare.html,NO_OVERLAP,UNCLEAR_OR_BROAD_INTENT,longtail,CENSORED_OR_MISSING,2026-09-10T18:15:37.366810+09:00,
캣츠러브5KG,길고양이사료20KG,길고양이사료20kg,animal,10,50,60,높음,,,,,0.3,0.2,0.13999999999999999,0.9,,False,50,45.0,NEW,NAVER_SEARCHAD,backlog,REJECTED,2026-09-10T18:15:37.366810+09:00,2026-09-10T19:58:48.330604+09:00,NAVER_SEARCHAD,2,MEDIUM,evergreen|informational,informational,REJECT,/kor/report/animal/parrot.html,NO_OVERLAP,UNCLEAR_OR_BROAD_INTENT,longtail,,2026-09-10T18:15:37.366810+09:00,
캣츠러브,길고양이사료20KG,길고양이사료20kg,animal,10,120,130,중간,,,,,0.3,0.2,0.08000000000000002,0.9,,False,50,45.0,NEW,NAVER_SEARCHAD,backlog,REJECTED,2026-09-10T18:15:37.366810+09:00,2026-09-10T19:58:48.330604+09:00,NAVER_SEARCHAD,2,MEDIUM,evergreen|informational,informational,REJECT,/kor/report/animal/parrot.html,NO_OVERLAP,UNCLEAR_OR_BROAD_INTENT,longtail,,2026-09-10T18:15:37.366810+09:00,
유통기한고양이,길고양이사료20KG,길고양이사료20kg,animal,90,60,150,높음,,,,,0.3,0.2,0.13999999999999999,0.9,,False,50,45.0,NEW,NAVER_SEARCHAD,backlog,REJECTED,2026-09-10T18:15:37.366810+09:00,2026-09-10T19:58:48.330604+09:00,NAVER_SEARCHAD,2,MEDIUM,evergreen|informational,informational,REJECT,/kor/report/coin/ale-guide.html,NO_OVERLAP,UNCLEAR_OR_BROAD_INTENT,longtail,,2026-09-10T18:15:37.366810+09:00,
나우그레인프리,길고양이사료20KG,길고양이사료20kg,animal,20,110,130,높음,,,,,0.3,0.2,0.13999999999999999,0.9,,False,50,45.0,NEW,NAVER_SEARCHAD,backlog,REJECTED,2026-09-10T18:15:37.366810+09:00,2026-09-10T19:58:48.330604+09:00,NAVER_SEARCHAD,2,MEDIUM,evergreen|informational,informational,REJECT,/kor/report/animal/parrot.html,NO_OVERLAP,UNCLEAR_OR_BROAD_INTENT,longtail,,2026-09-10T18:15:37.366810+09:00,
프로플랜,길고양이사료20KG,길고양이사료20kg,animal,140,500,640,중간,,,,,0.3,0.2,0.08000000000000002,0.9,,False,50,45.0,NEW,NAVER_SEARCHAD,backlog,REJECTED,2026-09-10T18:15:37.366810+09:00,2026-09-10T19:58:48.330604+09:00,NAVER_SEARCHAD,2,MEDIUM,evergreen|informational,informational,REJECT,/kor/report/coin/api-guide.html,NO_OVERLAP,UNCLEAR_OR_BROAD_INTENT,longtail,,2026-09-10T18:15:37.366810+09:00,
나우어덜트스몰브리드,길고양이사료20KG,길고양이사료20kg,animal,10,100,110,높음,,,,,0.3,0.2,0.2,0.9,,False,50,45.0,NEW,NAVER_SEARCHAD,backlog,NEW,2026-09-10T18:15:37.366810+09:00,2026-09-10T19:58:48.330604+09:00,NAVER_SEARCHAD,2,MEDIUM,evergreen|informational,informational,NEW_PAGE,/kor/report/coin/4art-guide.html,NO_OVERLAP,Fixed semantic similarity threshold.,longtail,,2026-09-10T18:15:37.366810+09:00,2026-09-10T18:22:53.467440+09:00
웰츠고양이사료,길고양이사료20KG,길고양이사료20kg,animal,20,130,150,높음,,,,,0.3,0.2,0.13999999999999999,0.9,,False,50,45.0,NEW,NAVER_SEARCHAD,backlog,REJECTED,2026-09-10T18:15:37.366810+09:00,2026-09-10T19:58:48.330604+09:00,NAVER_SEARCHAD,2,MEDIUM,evergreen|informational,informational,REJECT,/kor/report/animal/pleco.html,NO_OVERLAP,UNCLEAR_OR_BROAD_INTENT,longtail,,2026-09-10T18:15:37.366810+09:00,
캐츠랑키튼8KG,길고양이사료20KG,길고양이사료20kg,animal,80,340,420,높음,,,,,0.3,0.2,0.16000000000000003,0.9,,False,50,45.0,NEW,NAVER_SEARCHAD,backlog,REJECTED,2026-09-10T18:15:37.366810+09:00,2026-09-10T19:58:48.330604+09:00,NAVER_SEARCHAD,2,MEDIUM,evergreen|informational,informational,REJECT,/kor/report/travel/colombia-barranquilla.html,NO_OVERLAP,UNCLEAR_OR_BROAD_INTENT,longtail,,2026-09-10T18:15:37.366810+09:00,
방염텐트성능광고,,방염텐트성능광고,camp,,,,낮음,,,,,0.3,0.2,0.16000000000000003,0.9,,False,0,100,NEW,EXISTING_EXTERNAL,new_theme,REJECTED,2026-09-10T18:15:37.366810+09:00,2026-09-10T19:58:48.330604+09:00,NAVER_SEARCHAD,0,UNVERIFIED,evergreen|informational,informational,REJECT,/kor/report/coin/1r0r-guide.html,NO_OVERLAP,UNCLEAR_OR_BROAD_INTENT,discovery,CENSORED_OR_MISSING,2026-09-10T18:15:37.366810+09:00,
보조배터리WH기내반입,,보조배터리wh기내반입,topic:보조배터리,,,,낮음,,,,,0.3,0.2,0.22000000000000003,0.4,,False,0,100,NEW,EXISTING_EXTERNAL,new_theme,NEW,2026-09-10T18:15:37.366810+09:00,2026-09-10T19:58:48.330604+09:00,NAVER_SEARCHAD,0,UNVERIFIED,evergreen|informational,informational,NEW_PAGE,/kor/util/power-bank-wh-calculator/,LOW_OVERLAP,Fixed semantic similarity threshold.,discovery,CENSORED_OR_MISSING,2026-09-10T18:15:37.366810+09:00,2026-09-10T19:58:48.330604+09:00
술담배향수면세한도,,술담배향수면세한도,topic:담배,,,,낮음,,,,,0.3,0.2,0.18000000000000002,0.4,,False,0,100,NEW,EXISTING_EXTERNAL,new_theme,REJECTED,2026-09-10T18:15:37.366810+09:00,2026-09-10T19:58:48.330604+09:00,NAVER_SEARCHAD,0,UNVERIFIED,evergreen|informational,informational,REJECT,/kor/column/isa-account-tax-free-2026.html,NO_OVERLAP,UNCLEAR_OR_BROAD_INTENT,discovery,CENSORED_OR_MISSING,2026-09-10T18:15:37.366810+09:00,
시험별 접수기간·시험일·발표일 한눈에 보기,,시험별접수기간시험일발표일한눈에보기,topic:시험별,,,,,,,,,0.3,1,0.36000000000000004,0.4,,False,0,100,NEW,EXISTING_EXTERNAL,new_theme,NEW,2026-09-10T18:15:37.366810+09:00,2026-09-10T19:58:48.330604+09:00,EXISTING_EXTERNAL,0,UNVERIFIED,current-information|informational,informational,NEW_PAGE,/kor/column/covid-household-contact-pcr-testing-guide-2026.html,NO_OVERLAP,Fixed semantic similarity threshold.,discovery,,,2026-09-10T19:58:48.330604+09:00
아기이유식기내반입,,아기이유식기내반입,topic:아기,,60,,높음,,,,,0.3,0.2,0.18000000000000002,0.4,,False,0,100,NEW,EXISTING_EXTERNAL,new_theme,REJECTED,2026-09-10T18:15:37.366810+09:00,2026-09-10T19:58:48.330604+09:00,NAVER_SEARCHAD,0,UNVERIFIED,evergreen|informational,informational,REJECT,/kor/util/power-bank-wh-calculator/,NO_OVERLAP,UNCLEAR_OR_BROAD_INTENT,discovery,CENSORED_OR_MISSING,2026-09-10T18:15:37.366810+09:00,
단기육아휴직제도안내,,단기육아휴직제도안내,gov,10,,,중간,,,,,0.3,0.2,0.2,0.9,,False,0,81.82,NEW,PUBLIC_RSS,new_theme,NEW,2026-09-10T18:15:37.366810+09:00,2026-09-10T19:58:48.330604+09:00,NAVER_SEARCHAD,0,UNVERIFIED,evergreen|informational,informational,NEW_PAGE,/kor/report/parenting/parenting-subsidy-2026.html,NO_OVERLAP,Fixed semantic similarity threshold.,discovery,CENSORED_OR_MISSING,2026-09-10T18:15:37.366810+09:00,2026-09-10T19:58:48.330604+09:00
영사안전콜센터와현지경찰신고,,영사안전콜센터와현지경찰신고,topic:영사안전콜센터와,,,,낮음,,,,,0.3,0.2,0.27999999999999997,0.4,,False,0,100,NEW,EXISTING_EXTERNAL,new_theme,NEW,2026-09-10T18:22:53.467440+09:00,2026-09-10T19:58:48.330604+09:00,NAVER_SEARCHAD,0,UNVERIFIED,evergreen|informational,informational,NEW_PAGE,/kor/report/travel/antigua-liberta.html,NO_OVERLAP,Fixed semantic similarity threshold.,discovery,CENSORED_OR_MISSING,2026-09-10T18:22:53.467440+09:00,2026-09-10T19:58:48.330604+09:00
온라인주민등록정정과세대주확인,,온라인주민등록정정과세대주확인,topic:온라인,,,,낮음,,,,,0.3,0.2,0.30000000000000004,0.4,,False,0,100,NEW,EXISTING_EXTERNAL,new_theme,NEW,2026-09-10T18:22:53.467440+09:00,2026-09-10T19:58:48.330604+09:00,NAVER_SEARCHAD,0,UNVERIFIED,evergreen|informational,informational,NEW_PAGE,/kor/report/camp/gwangju-g.html,NO_OVERLAP,Fixed semantic similarity threshold.,discovery,CENSORED_OR_MISSING,2026-09-10T18:22:53.467440+09:00,2026-09-10T19:58:48.330604+09:00
요가장기계약환급분쟁,,요가장기계약환급분쟁,topic:요가,,,,낮음,,,,,0.3,0.2,0.2,0.4,,False,0,100,NEW,EXISTING_EXTERNAL,new_theme,NEW,2026-09-10T18:22:53.467440+09:00,2026-09-10T19:58:48.330604+09:00,NAVER_SEARCHAD,0,UNVERIFIED,evergreen|informational,informational,NEW_PAGE,/kor/report/coin/almc-guide.html,NO_OVERLAP,Fixed semantic similarity threshold.,discovery,CENSORED_OR_MISSING,2026-09-10T18:22:53.467440+09:00,2026-09-10T19:58:48.330604+09:00
인천공항교통약자수하물배송,,인천공항교통약자수하물배송,topic:인천공항,,,,낮음,,,,,0.3,0.2,0.26,0.4,,False,0,100,NEW,EXISTING_EXTERNAL,new_theme,NEW,2026-09-10T18:22:53.467440+09:00,2026-09-10T19:58:48.330604+09:00,NAVER_SEARCHAD,0,UNVERIFIED,evergreen|informational,informational,NEW_PAGE,/kor/report/travel/cyprus-nicosia.html,NO_OVERLAP,Fixed semantic similarity threshold.,discovery,CENSORED_OR_MISSING,2026-09-10T18:22:53.467440+09:00,2026-09-10T19:58:48.330604+09:00
인천공항교통약자우대출구,,인천공항교통약자우대출구,topic:인천공항,40,170,210,낮음,,,,,0.3,0.2,0.24,0.4,,False,50,100,NEW,EXISTING_EXTERNAL,new_theme,NEW,2026-09-10T18:22:53.467440+09:00,2026-09-10T19:58:48.330604+09:00,NAVER_SEARCHAD,0,MEDIUM,evergreen|informational,informational,NEW_PAGE,/kor/report/travel/cyprus-nicosia.html,NO_OVERLAP,Fixed semantic similarity threshold.,discovery,,2026-09-10T18:22:53.467440+09:00,2026-09-10T19:58:48.330604+09:00
인천공항셀프백드롭제한,,인천공항셀프백드롭제한,topic:인천공항,,,,낮음,,,,,0.3,0.2,0.22000000000000003,0.4,,False,0,100,NEW,EXISTING_EXTERNAL,new_theme,NEW,2026-09-10T18:22:53.467440+09:00,2026-09-10T19:58:48.330604+09:00,NAVER_SEARCHAD,0,UNVERIFIED,evergreen|informational,informational,NEW_PAGE,/kor/report/visa/kyrgyzstan.html,NO_OVERLAP,Fixed semantic similarity threshold.,discovery,CENSORED_OR_MISSING,2026-09-10T18:22:53.467440+09:00,2026-09-10T19:58:48.330604+09:00
인천공항수유실위치,,인천공항수유실위치,topic:인천공항,,,,낮음,,,,,0.3,0.2,0.18000000000000002,0.4,,False,0,100,NEW,EXISTING_EXTERNAL,new_theme,REJECTED,2026-09-10T18:22:53.467440+09:00,2026-09-10T19:58:48.330604+09:00,NAVER_SEARCHAD,0,UNVERIFIED,evergreen|informational,informational,REJECT,/kor/report/visa/myanmar.html,NO_OVERLAP,UNCLEAR_OR_BROAD_INTENT,discovery,CENSORED_OR_MISSING,2026-09-10T18:22:53.467440+09:00,
인천공항어린이놀이시설,,인천공항어린이놀이시설,topic:인천공항,,,,낮음,,,,,0.3,0.2,0.22000000000000003,0.4,,False,0,100,NEW,EXISTING_EXTERNAL,new_theme,NEW,2026-09-10T18:22:53.467440+09:00,2026-09-10T19:58:48.330604+09:00,NAVER_SEARCHAD,0,UNVERIFIED,evergreen|informational,informational,NEW_PAGE,/kor/report/seasonal/electric-blanket-recommendation.html,NO_OVERLAP,Fixed semantic similarity threshold.,discovery,CENSORED_OR_MISSING,2026-09-10T18:22:53.467440+09:00,2026-09-10T19:58:48.330604+09:00
자가환승시수하물재수속과연결편위험,,자가환승시수하물재수속과연결편위험,topic:자가,,,,낮음,,,,,0.3,0.2,0.34,0.4,,False,0,100,NEW,EXISTING_EXTERNAL,new_theme,NEW,2026-09-10T18:22:53.467440+09:00,2026-09-10T19:58:48.330604+09:00,NAVER_SEARCHAD,0,UNVERIFIED,evergreen|informational,informational,NEW_PAGE,/kor/report/visa/niger.html,NO_OVERLAP,Fixed semantic similarity threshold.,discovery,CENSORED_OR_MISSING,2026-09-10T18:22:53.467440+09:00,2026-09-10T19:58:48.330604+09:00
자격시험모바일신분증과캡처화면인정여부,,자격시험모바일신분증과캡처화면인정여부,topic:자격시험,,,,낮음,,,,,0.3,0.2,0.38,0.4,,False,0,100,NEW,EXISTING_EXTERNAL,new_theme,NEW,2026-09-10T18:22:53.467440+09:00,2026-09-10T19:58:48.330604+09:00,NAVER_SEARCHAD,0,UNVERIFIED,evergreen|informational,informational,NEW_PAGE,/kor/report/coin/aifun-guide.html,NO_OVERLAP,Fixed semantic similarity threshold.,discovery,CENSORED_OR_MISSING,2026-09-10T18:22:53.467440+09:00,2026-09-10T19:58:48.330604+09:00
저작재산권자불명저작물법정허락,,저작재산권자불명저작물법정허락,topic:저작재산권자,,,,낮음,,,,,0.3,0.2,0.30000000000000004,0.4,,False,0,100,NEW,EXISTING_EXTERNAL,new_theme,NEW,2026-09-10T18:22:53.467440+09:00,2026-09-10T19:58:48.330604+09:00,NAVER_SEARCHAD,0,UNVERIFIED,evergreen|informational,informational,NEW_PAGE,/kor/terms.html,NO_OVERLAP,Fixed semantic similarity threshold.,discovery,CENSORED_OR_MISSING,2026-09-10T18:22:53.467440+09:00,2026-09-10T19:58:48.330604+09:00
주민조례청구대표자증명과청구인명부절차,,주민조례청구대표자증명과청구인명부절차,topic:주민조례청구,,,,낮음,,,,,0.3,0.2,0.38,0.4,,False,0,100,NEW,EXISTING_EXTERNAL,new_theme,NEW,2026-09-10T18:22:53.467440+09:00,2026-09-10T19:58:48.330604+09:00,NAVER_SEARCHAD,0,UNVERIFIED,evergreen|informational,informational,NEW_PAGE,/kor/report/visa/lebanon.html,NO_OVERLAP,Fixed semantic similarity threshold.,discovery,CENSORED_OR_MISSING,2026-09-10T18:22:53.467440+09:00,2026-09-10T19:58:48.330604+09:00
해외 실종·연락두절 시 국내외 신고 절차,,해외실종연락두절시국내외신고절차,topic:해외,,,,,,,,,0.3,0.2,0.32000000000000006,0.4,,False,0,100,NEW,EXISTING_EXTERNAL,new_theme,NEW,2026-09-10T18:22:53.467440+09:00,2026-09-10T19:58:48.330604+09:00,EXISTING_EXTERNAL,0,UNVERIFIED,evergreen|informational,informational,NEW_PAGE,/kor/report/animal/skunk.html,NO_OVERLAP,Fixed semantic similarity threshold.,discovery,,,2026-09-10T19:58:48.330604+09:00
중고차평균매매금액조회,,중고차평균매매금액조회,topic:중고차,,,,낮음,,,,,0.3,0.2,0.22000000000000003,0.4,,False,0,100,NEW,EXISTING_EXTERNAL,new_theme,NEW,2026-09-10T18:22:53.467440+09:00,2026-09-10T19:58:48.330604+09:00,NAVER_SEARCHAD,0,UNVERIFIED,evergreen|informational,informational,NEW_PAGE,/kor/report/coin/air-guide.html,NO_OVERLAP,Fixed semantic similarity threshold.,discovery,CENSORED_OR_MISSING,2026-09-10T18:22:53.467440+09:00,2026-09-10T19:58:48.330604+09:00
합배송통관유형과금지품목,,합배송통관유형과금지품목,topic:합배송,,,,낮음,,,,,0.3,0.2,0.24,0.4,,False,0,100,NEW,EXISTING_EXTERNAL,new_theme,NEW,2026-09-10T18:22:53.467440+09:00,2026-09-10T19:58:48.330604+09:00,NAVER_SEARCHAD,0,UNVERIFIED,evergreen|informational,informational,NEW_PAGE,/kor/report/parenting/baby-food-guide-2026.html,NO_OVERLAP,Fixed semantic similarity threshold.,discovery,CENSORED_OR_MISSING,2026-09-10T18:22:53.467440+09:00,2026-09-10T19:58:48.330604+09:00
피보험자격확인청구처리기간과진행상황,,피보험자격확인청구처리기간과진행상황,topic:피보험자격,,,,낮음,,,,,0.3,1,0.36000000000000004,0.4,,False,0,100,NEW,EXISTING_EXTERNAL,new_theme,NEW,2026-09-10T18:22:53.467440+09:00,2026-09-10T19:58:48.330604+09:00,NAVER_SEARCHAD,0,UNVERIFIED,current-information|informational,informational,NEW_PAGE,/kor/report/visa/belgium.html,NO_OVERLAP,Fixed semantic similarity threshold.,discovery,CENSORED_OR_MISSING,2026-09-10T18:22:53.467440+09:00,2026-09-10T19:58:48.330604+09:00
연금저축보험추천,연금저축추천,개인연금추천,finance,170,470,640,높음,,,,,0.9,0.2,0.36000000000000004,0.9,,False,50,8.2,EXPERIMENT_THEME,NAVER_SEARCHAD,promising,NEW,2026-09-10T18:22:53.467440+09:00,2026-09-10T19:58:48.330604+09:00,NAVER_SEARCHAD,3,MEDIUM,commercial|evergreen|informational,informational,NEW_PAGE,/kor/report/finance/saving-100m-timeline-2026.html,NO_OVERLAP,Fixed semantic similarity threshold.,longtail,,2026-09-10T18:22:53.467440+09:00,2026-09-10T18:22:53.467440+09:00
일시납저축보험,연금저축추천,개인연금추천,finance,20,40,60,높음,,,,,0.3,0.2,0.13999999999999999,0.9,,False,50,8.2,EXPERIMENT_THEME,NAVER_SEARCHAD,promising,REJECTED,2026-09-10T18:22:53.467440+09:00,2026-09-10T19:58:48.330604+09:00,NAVER_SEARCHAD,3,MEDIUM,evergreen|informational,informational,REJECT,/kor/report/window/windows11-file-not-found-error-0x80070002-fix.html,NO_OVERLAP,UNCLEAR_OR_BROAD_INTENT,longtail,,2026-09-10T18:22:53.467440+09:00,
개인연금저축보험,연금저축추천,개인연금추천,finance,40,30,70,높음,,,,,0.3,0.2,0.16000000000000003,0.9,,False,50,8.2,EXPERIMENT_THEME,NAVER_SEARCHAD,promising,REJECTED,2026-09-10T18:22:53.467440+09:00,2026-09-10T19:58:48.330604+09:00,NAVER_SEARCHAD,3,MEDIUM,evergreen|informational,informational,REJECT,/kor/report/finance/saving-100m-timeline-2026.html,NO_OVERLAP,UNCLEAR_OR_BROAD_INTENT,longtail,,2026-09-10T18:22:53.467440+09:00,
연금저축추천상품,연금저축추천,개인연금추천,finance,,,,높음,,,,,0.9,0.2,0.36000000000000004,0.9,,False,0,8.2,EXPERIMENT_THEME,NAVER_SEARCHAD,promising,NEW,2026-09-10T18:22:53.467440+09:00,2026-09-10T19:58:48.330604+09:00,NAVER_SEARCHAD,3,UNVERIFIED,commercial|evergreen|informational,informational,NEW_PAGE,/kor/report/it/monitor.html,NO_OVERLAP,Fixed semantic similarity threshold.,longtail,CENSORED_OR_MISSING,2026-09-10T18:22:53.467440+09:00,2026-09-10T18:22:53.467440+09:00
연금저축신탁,연금저축추천,개인연금추천,finance,110,370,480,높음,,,,,0.3,0.2,0.12,0.9,,False,50,8.2,EXPERIMENT_THEME,NAVER_SEARCHAD,promising,REJECTED,2026-09-10T18:22:53.467440+09:00,2026-09-10T19:58:48.330604+09:00,NAVER_SEARCHAD,3,MEDIUM,evergreen|informational,informational,REJECT,/kor/report/finance/saving-100m-timeline-2026.html,NO_OVERLAP,UNCLEAR_OR_BROAD_INTENT,longtail,,2026-09-10T18:22:53.467440+09:00,
개인연금계산기,연금저축추천,개인연금추천,finance,190,400,590,높음,,,,,0.3,0.2,0.315,0.9,,False,50,8.2,EXPERIMENT_THEME,NAVER_SEARCHAD,promising,NEW,2026-09-10T18:22:53.467440+09:00,2026-09-10T19:58:48.330604+09:00,NAVER_SEARCHAD,3,MEDIUM,calculator/tool|evergreen|informational,calculator/tool,NEW_PAGE,/kor/util/japan-esim-data-calculator/,NO_OVERLAP,Fixed semantic similarity threshold.,longtail,,2026-09-10T18:22:53.467440+09:00,2026-09-10T18:22:53.467440+09:00
연금저축이율,연금저축추천,개인연금추천,finance,10,60,70,높음,,,,,0.3,0.2,0.12,0.9,,False,50,8.2,EXPERIMENT_THEME,NAVER_SEARCHAD,promising,REJECTED,2026-09-10T18:22:53.467440+09:00,2026-09-10T19:58:48.330604+09:00,NAVER_SEARCHAD,3,MEDIUM,evergreen|informational,informational,REJECT,/kor/report/finance/saving-100m-timeline-2026.html,NO_OVERLAP,UNCLEAR_OR_BROAD_INTENT,longtail,,2026-09-10T18:22:53.467440+09:00,
일시납연금보험,연금저축추천,개인연금추천,finance,300,1140,1440,중간,,,,,0.3,0.2,0.13999999999999999,0.9,,False,50,8.2,EXPERIMENT_THEME,NAVER_SEARCHAD,promising,REJECTED,2026-09-10T18:22:53.467440+09:00,2026-09-10T19:58:48.330604+09:00,NAVER_SEARCHAD,3,MEDIUM,evergreen|informational,informational,REJECT,/kor/report/window/windows11-file-not-found-error-0x80070002-fix.html,NO_OVERLAP,UNCLEAR_OR_BROAD_INTENT,longtail,,2026-09-10T18:22:53.467440+09:00,
연금저축보험,연금저축추천,개인연금추천,finance,1240,3820,5060,높음,,,,,0.3,0.2,0.12,0.9,,False,50,8.2,EXPERIMENT_THEME,NAVER_SEARCHAD,promising,REJECTED,2026-09-10T18:22:53.467440+09:00,2026-09-10T19:58:48.330604+09:00,NAVER_SEARCHAD,3,MEDIUM,evergreen|informational,informational,REJECT,/kor/report/finance/saving-100m-timeline-2026.html,NO_OVERLAP,UNCLEAR_OR_BROAD_INTENT,longtail,,2026-09-10T18:22:53.467440+09:00,
연금저축세액공제,연금저축추천,개인연금추천,finance,840,2400,3240,높음,,,,,0.3,0.2,0.16000000000000003,0.9,,False,50,8.2,EXPERIMENT_THEME,NAVER_SEARCHAD,promising,REJECTED,2026-09-10T18:22:53.467440+09:00,2026-09-10T19:58:48.330604+09:00,NAVER_SEARCHAD,3,MEDIUM,evergreen|informational,informational,REJECT,/kor/report/finance/saving-100m-timeline-2026.html,NO_OVERLAP,UNCLEAR_OR_BROAD_INTENT,longtail,,2026-09-10T18:22:53.467440+09:00,
우리은행개인연금저축,연금저축추천,개인연금추천,finance,10,20,30,높음,,,,,0.3,0.2,0.2,0.9,,False,50,8.2,EXPERIMENT_THEME,NAVER_SEARCHAD,promising,NEW,2026-09-10T18:22:53.467440+09:00,2026-09-10T19:58:48.330604+09:00,NAVER_SEARCHAD,3,MEDIUM,evergreen|informational,informational,NEW_PAGE,/kor/report/finance/saving-100m-timeline-2026.html,NO_OVERLAP,Fixed semantic similarity threshold.,longtail,,2026-09-10T18:22:53.467440+09:00,2026-09-10T18:22:53.467440+09:00
은행개인연금저축,연금저축추천,개인연금추천,finance,70,260,330,높음,,,,,0.3,0.2,0.16000000000000003,0.9,,False,50,8.2,EXPERIMENT_THEME,NAVER_SEARCHAD,promising,REJECTED,2026-09-10T18:22:53.467440+09:00,2026-09-10T19:58:48.330604+09:00,NAVER_SEARCHAD,3,MEDIUM,evergreen|informational,informational,REJECT,/kor/report/finance/saving-100m-timeline-2026.html,NO_OVERLAP,UNCLEAR_OR_BROAD_INTENT,longtail,,2026-09-10T18:22:53.467440+09:00,
연금저축보험비교,연금저축추천,개인연금추천,finance,70,140,210,높음,,,,,0.3,0.2,0.36000000000000004,0.9,,False,50,8.2,EXPERIMENT_THEME,NAVER_SEARCHAD,promising,NEW,2026-09-10T18:22:53.467440+09:00,2026-09-10T19:58:48.330604+09:00,NAVER_SEARCHAD,3,MEDIUM,comparison|evergreen|informational,comparison,NEW_PAGE,/kor/report/window/windows11-free-upgrade-reasons.html,NO_OVERLAP,Fixed semantic similarity threshold.,longtail,,2026-09-10T18:22:53.467440+09:00,2026-09-10T18:22:53.467440+09:00
연금저축상품,연금저축추천,개인연금추천,finance,80,140,220,높음,,,,,0.3,0.2,0.12,0.9,,False,50,8.2,EXPERIMENT_THEME,NAVER_SEARCHAD,promising,REJECTED,2026-09-10T18:22:53.467440+09:00,2026-09-10T19:58:48.330604+09:00,NAVER_SEARCHAD,3,MEDIUM,evergreen|informational,informational,REJECT,/kor/report/coin/aevo-guide.html,NO_OVERLAP,UNCLEAR_OR_BROAD_INTENT,longtail,,2026-09-10T18:22:53.467440+09:00,
일시납연금,연금저축추천,개인연금추천,finance,90,230,320,중간,,,,,0.3,0.2,0.1,0.9,,False,50,8.2,EXPERIMENT_THEME,NAVER_SEARCHAD,promising,REJECTED,2026-09-10T18:22:53.467440+09:00,2026-09-10T19:58:48.330604+09:00,NAVER_SEARCHAD,3,MEDIUM,evergreen|informational,informational,REJECT,/kor/report/window/windows11-file-not-found-error-0x80070002-fix.html,NO_OVERLAP,UNCLEAR_OR_BROAD_INTENT,longtail,,2026-09-10T18:22:53.467440+09:00,
개인연금저축추천,연금저축추천,개인연금추천,finance,380,1080,1460,높음,,,,,0.9,0.2,0.36000000000000004,0.9,,False,50,8.2,EXPERIMENT_THEME,NAVER_SEARCHAD,promising,NEW,2026-09-10T18:22:53.467440+09:00,2026-09-10T19:58:48.330604+09:00,NAVER_SEARCHAD,3,MEDIUM,commercial|evergreen|informational,informational,NEW_PAGE,/kor/report/window/windows11-dark-vs-light-mode-comparison.html,NO_OVERLAP,Fixed semantic similarity threshold.,longtail,,2026-09-10T18:22:53.467440+09:00,2026-09-10T18:22:53.467440+09:00
연금저축보험세액공제,연금저축추천,개인연금추천,finance,140,260,400,높음,,,,,0.3,0.2,0.2,0.9,,False,50,8.2,EXPERIMENT_THEME,NAVER_SEARCHAD,promising,NEW,2026-09-10T18:22:53.467440+09:00,2026-09-10T19:58:48.330604+09:00,NAVER_SEARCHAD,3,MEDIUM,evergreen|informational,informational,NEW_PAGE,/kor/report/finance/saving-100m-timeline-2026.html,NO_OVERLAP,Fixed semantic similarity threshold.,longtail,,2026-09-10T18:22:53.467440+09:00,2026-09-10T18:22:53.467440+09:00
일시불연금,연금저축추천,개인연금추천,finance,,20,,높음,,,,,0.3,0.2,0.1,0.9,,False,0,8.2,EXPERIMENT_THEME,NAVER_SEARCHAD,promising,REJECTED,2026-09-10T18:22:53.467440+09:00,2026-09-10T19:58:48.330604+09:00,NAVER_SEARCHAD,3,UNVERIFIED,evergreen|informational,informational,REJECT,/kor/report/window/windows11-file-not-found-error-0x80070002-fix.html,NO_OVERLAP,UNCLEAR_OR_BROAD_INTENT,longtail,CENSORED_OR_MISSING,2026-09-10T18:22:53.467440+09:00,
연금저축가입연령,연금저축추천,개인연금추천,finance,,20,,높음,,,,,0.3,0.2,0.16000000000000003,0.9,,False,0,8.2,EXPERIMENT_THEME,NAVER_SEARCHAD,promising,REJECTED,2026-09-10T18:22:53.467440+09:00,2026-09-10T19:58:48.330604+09:00,NAVER_SEARCHAD,3,UNVERIFIED,evergreen|informational,informational,REJECT,/kor/report/finance/saving-100m-timeline-2026.html,NO_OVERLAP,UNCLEAR_OR_BROAD_INTENT,longtail,CENSORED_OR_MISSING,2026-09-10T18:22:53.467440+09:00,
일시납연금저축,연금저축추천,개인연금추천,finance,10,30,40,높음,,,,,0.3,0.2,0.13999999999999999,0.9,,False,50,8.2,EXPERIMENT_THEME,NAVER_SEARCHAD,promising,REJECTED,2026-09-10T18:22:53.467440+09:00,2026-09-10T19:58:48.330604+09:00,NAVER_SEARCHAD,3,MEDIUM,evergreen|informational,informational,REJECT,/kor/report/finance/saving-100m-timeline-2026.html,NO_OVERLAP,UNCLEAR_OR_BROAD_INTENT,longtail,,2026-09-10T18:22:53.467440+09:00,
개사료,강아지사료추천,고양이사료추천,animal,680,3500,4180,중간,,,,,0.3,0.2,0.06,0.9,,False,50,2.0,NEW,NAVER_SEARCHAD,promising,REJECTED,2026-09-10T18:22:53.467440+09:00,2026-09-10T19:58:48.330604+09:00,NAVER_SEARCHAD,3,MEDIUM,evergreen|informational,informational,REJECT,/kor/report/animal/pleco.html,NO_OVERLAP,UNCLEAR_OR_BROAD_INTENT,longtail,,2026-09-10T18:22:53.467440+09:00,
애견사료,강아지사료추천,고양이사료추천,animal,240,1620,1860,중간,,,,,0.3,0.2,0.08000000000000002,0.9,,False,50,2.0,NEW,NAVER_SEARCHAD,promising,REJECTED,2026-09-10T18:22:53.467440+09:00,2026-09-10T19:58:48.330604+09:00,NAVER_SEARCHAD,3,MEDIUM,evergreen|informational,informational,REJECT,/kor/report/animal/pleco.html,NO_OVERLAP,UNCLEAR_OR_BROAD_INTENT,longtail,,2026-09-10T18:22:53.467440+09:00,
강아지사료등급,강아지사료추천,고양이사료추천,animal,780,3850,4630,높음,,,,,0.3,0.2,0.13999999999999999,0.9,,False,50,2.0,NEW,NAVER_SEARCHAD,promising,REJECTED,2026-09-10T18:22:53.467440+09:00,2026-09-10T19:58:48.330604+09:00,NAVER_SEARCHAD,3,MEDIUM,evergreen|informational,informational,REJECT,/kor/report/animal/pleco.html,NO_OVERLAP,UNCLEAR_OR_BROAD_INTENT,longtail,,2026-09-10T18:22:53.467440+09:00,
반려견사료,강아지사료추천,고양이사료추천,animal,70,320,390,높음,,,,,0.3,0.2,0.1,0.9,,False,50,2.0,NEW,NAVER_SEARCHAD,promising,REJECTED,2026-09-10T18:22:53.467440+09:00,2026-09-10T19:58:48.330604+09:00,NAVER_SEARCHAD,3,MEDIUM,evergreen|informational,informational,REJECT,/kor/report/animal/pleco.html,NO_OVERLAP,UNCLEAR_OR_BROAD_INTENT,longtail,,2026-09-10T18:22:53.467440+09:00,
애견사료추천,강아지사료추천,고양이사료추천,animal,10,120,130,높음,,,,,0.9,0.2,0.27,0.9,,False,50,2.0,NEW,NAVER_SEARCHAD,promising,NEW,2026-09-10T18:22:53.467440+09:00,2026-09-10T19:58:48.330604+09:00,NAVER_SEARCHAD,3,MEDIUM,commercial|evergreen|informational,informational,NEW_PAGE,/kor/report/animal/pleco.html,NO_OVERLAP,Fixed semantic similarity threshold.,longtail,,2026-09-10T18:22:53.467440+09:00,2026-09-10T18:22:53.467440+09:00
사료,강아지사료추천,고양이사료추천,animal,1600,5220,6820,중간,,,,,0.3,0.2,0.04000000000000001,0.9,,False,50,2.0,NEW,NAVER_SEARCHAD,promising,REJECTED,2026-09-10T18:22:53.467440+09:00,2026-09-10T19:58:48.330604+09:00,NAVER_SEARCHAD,3,MEDIUM,evergreen|informational,informational,REJECT,/kor/report/animal/pleco.html,NO_OVERLAP,UNCLEAR_OR_BROAD_INTENT,longtail,,2026-09-10T18:22:53.467440+09:00,
강아지사료샘플,강아지사료추천,고양이사료추천,animal,200,1230,1430,높음,,,,,0.3,0.2,0.13999999999999999,0.9,,False,50,2.0,NEW,NAVER_SEARCHAD,promising,REJECTED,2026-09-10T18:22:53.467440+09:00,2026-09-10T19:58:48.330604+09:00,NAVER_SEARCHAD,3,MEDIUM,evergreen|informational,informational,REJECT,/kor/report/animal/pleco.html,NO_OVERLAP,UNCLEAR_OR_BROAD_INTENT,longtail,,2026-09-10T18:22:53.467440+09:00,
강아지밥,강아지사료추천,고양이사료추천,animal,90,780,870,높음,,,,,0.3,0.2,0.08000000000000002,0.9,,False,50,2.0,NEW,NAVER_SEARCHAD,promising,REJECTED,2026-09-10T18:22:53.467440+09:00,2026-09-10T19:58:48.330604+09:00,NAVER_SEARCHAD,3,MEDIUM,evergreen|informational,informational,REJECT,/kor/report/travel/uae-ajman.html,NO_OVERLAP,UNCLEAR_OR_BROAD_INTENT,longtail,,2026-09-10T18:22:53.467440+09:00,
라비앙독사료,강아지사료추천,고양이사료추천,animal,70,820,890,중간,,,,,0.3,0.2,0.12,0.9,,False,50,2.0,NEW,NAVER_SEARCHAD,promising,REJECTED,2026-09-10T18:22:53.467440+09:00,2026-09-10T19:58:48.330604+09:00,NAVER_SEARCHAD,3,MEDIUM,evergreen|informational,informational,REJECT,/kor/report/animal/pleco.html,NO_OVERLAP,UNCLEAR_OR_BROAD_INTENT,longtail,,2026-09-10T18:22:53.467440+09:00,
똥냄새안나는사료,강아지사료추천,고양이사료추천,animal,,30,,높음,,,,,0.3,0.2,0.16000000000000003,0.9,,False,0,2.0,NEW,NAVER_SEARCHAD,promising,REJECTED,2026-09-10T18:22:53.467440+09:00,2026-09-10T19:58:48.330604+09:00,NAVER_SEARCHAD,3,UNVERIFIED,evergreen|informational,informational,REJECT,/kor/report/animal/pleco.html,NO_OVERLAP,UNCLEAR_OR_BROAD_INTENT,longtail,CENSORED_OR_MISSING,2026-09-10T18:22:53.467440+09:00,
멍멍이사료,강아지사료추천,고양이사료추천,animal,,10,,높음,,,,,0.3,0.2,0.1,0.9,,False,0,2.0,NEW,NAVER_SEARCHAD,promising,REJECTED,2026-09-10T18:22:53.467440+09:00,2026-09-10T19:58:48.330604+09:00,NAVER_SEARCHAD,3,UNVERIFIED,evergreen|informational,informational,REJECT,/kor/report/animal/pleco.html,NO_OVERLAP,UNCLEAR_OR_BROAD_INTENT,longtail,CENSORED_OR_MISSING,2026-09-10T18:22:53.467440+09:00,
사료회사,강아지사료추천,고양이사료추천,animal,40,150,190,높음,,,,,0.3,0.2,0.08000000000000002,0.9,,False,50,2.0,NEW,NAVER_SEARCHAD,promising,REJECTED,2026-09-10T18:22:53.467440+09:00,2026-09-10T19:58:48.330604+09:00,NAVER_SEARCHAD,3,MEDIUM,evergreen|informational,informational,REJECT,/kor/report/animal/pleco.html,NO_OVERLAP,UNCLEAR_OR_BROAD_INTENT,longtail,,2026-09-10T18:22:53.467440+09:00,
강아지사료5KG,강아지사료추천,고양이사료추천,animal,10,120,130,높음,,,,,0.3,0.2,0.16000000000000003,0.9,,False,50,2.0,NEW,NAVER_SEARCHAD,promising,REJECTED,2026-09-10T18:22:53.467440+09:00,2026-09-10T19:58:48.330604+09:00,NAVER_SEARCHAD,3,MEDIUM,evergreen|informational,informational,REJECT,/kor/report/animal/pleco.html,NO_OVERLAP,UNCLEAR_OR_BROAD_INTENT,longtail,,2026-09-10T18:22:53.467440+09:00,
강아지사료만들기,강아지사료추천,고양이사료추천,animal,10,100,110,높음,,,,,0.3,0.2,0.16000000000000003,0.9,,False,50,2.0,NEW,NAVER_SEARCHAD,promising,REJECTED,2026-09-10T18:22:53.467440+09:00,2026-09-10T19:58:48.330604+09:00,NAVER_SEARCHAD,3,MEDIUM,evergreen|informational,informational,REJECT,/kor/report/animal/stagbeetle.html,NO_OVERLAP,UNCLEAR_OR_BROAD_INTENT,longtail,,2026-09-10T18:22:53.467440+09:00,
강아지사료종류,강아지사료추천,고양이사료추천,animal,20,130,150,높음,,,,,0.3,0.2,0.13999999999999999,0.9,,False,50,2.0,NEW,NAVER_SEARCHAD,promising,REJECTED,2026-09-10T18:22:53.467440+09:00,2026-09-10T19:58:48.330604+09:00,NAVER_SEARCHAD,3,MEDIUM,evergreen|informational,informational,REJECT,/kor/report/animal/catfish.html,LOW_OVERLAP,UNCLEAR_OR_BROAD_INTENT,longtail,,2026-09-10T18:22:53.467440+09:00,
대용량강아지사료,강아지사료추천,고양이사료추천,animal,10,130,140,중간,,,,,0.3,0.2,0.16000000000000003,0.9,,False,50,2.0,NEW,NAVER_SEARCHAD,promising,REJECTED,2026-09-10T18:22:53.467440+09:00,2026-09-10T19:58:48.330604+09:00,NAVER_SEARCHAD,3,MEDIUM,evergreen|informational,informational,REJECT,/kor/report/costco/costco-beauty-2026.html,NO_OVERLAP,UNCLEAR_OR_BROAD_INTENT,longtail,,2026-09-10T18:22:53.467440+09:00,
사료수입,강아지사료추천,고양이사료추천,animal,10,,,높음,,,,,0.3,0.2,0.08000000000000002,0.9,,False,0,2.0,NEW,NAVER_SEARCHAD,promising,REJECTED,2026-09-10T18:22:53.467440+09:00,2026-09-10T19:58:48.330604+09:00,NAVER_SEARCHAD,3,UNVERIFIED,evergreen|informational,informational,REJECT,/kor/report/animal/pleco.html,NO_OVERLAP,UNCLEAR_OR_BROAD_INTENT,longtail,CENSORED_OR_MISSING,2026-09-10T18:22:53.467440+09:00,
영국사료,강아지사료추천,고양이사료추천,animal,,30,,높음,,,,,0.3,0.2,0.08000000000000002,0.9,,False,0,2.0,NEW,NAVER_SEARCHAD,promising,REJECTED,2026-09-10T18:22:53.467440+09:00,2026-09-10T19:58:48.330604+09:00,NAVER_SEARCHAD,3,UNVERIFIED,evergreen|informational,informational,REJECT,/kor/report/animal/pleco.html,NO_OVERLAP,UNCLEAR_OR_BROAD_INTENT,longtail,CENSORED_OR_MISSING,2026-09-10T18:22:53.467440+09:00,
이탈리안그레이하운드사료,강아지사료추천,고양이사료추천,animal,,60,,높음,,,,,0.3,0.2,0.24,0.9,,False,0,2.0,NEW,NAVER_SEARCHAD,promising,NEW,2026-09-10T18:22:53.467440+09:00,2026-09-10T19:58:48.330604+09:00,NAVER_SEARCHAD,3,UNVERIFIED,evergreen|informational,informational,NEW_PAGE,/kor/report/window/windows11-compatibility-fix.html,NO_OVERLAP,Fixed semantic similarity threshold.,longtail,CENSORED_OR_MISSING,2026-09-10T18:22:53.467440+09:00,2026-09-10T18:22:53.467440+09:00
말티푸사료추천,강아지사료추천,고양이사료추천,animal,40,450,490,높음,,,,,0.9,0.2,0.315,0.9,,False,50,2.0,NEW,NAVER_SEARCHAD,promising,NEW,2026-09-10T18:22:53.467440+09:00,2026-09-10T19:58:48.330604+09:00,NAVER_SEARCHAD,3,MEDIUM,commercial|evergreen|informational,informational,NEW_PAGE,/kor/report/animal/pleco.html,NO_OVERLAP,Fixed semantic similarity threshold.,longtail,,2026-09-10T18:22:53.467440+09:00,2026-09-10T18:22:53.467440+09:00
택배지연피해구제,,택배지연피해구제,topic:택배,,,,낮음,,,,,0.3,0.2,0.16000000000000003,0.4,,False,0,100,NEW,EXISTING_EXTERNAL,new_theme,REJECTED,2026-09-10T18:28:14.200587+09:00,2026-09-10T19:58:48.330604+09:00,NAVER_SEARCHAD,0,UNVERIFIED,evergreen|informational,informational,REJECT,/kor/report/animal/hongryongpencil.html,NO_OVERLAP,UNCLEAR_OR_BROAD_INTENT,discovery,CENSORED_OR_MISSING,2026-09-10T18:28:14.200587+09:00,
표시 운임 외 수하물·카드 추가비용,,표시운임외수하물카드추가비용,topic:표시,,,,,,,,,0.9,0.2,0.63,0.4,,False,0,100,NEW,EXISTING_EXTERNAL,new_theme,NEW,2026-09-10T18:28:14.200587+09:00,2026-09-10T19:58:48.330604+09:00,EXISTING_EXTERNAL,0,UNVERIFIED,commercial|evergreen|informational,informational,NEW_PAGE,/kor/report/travel/nepal-kathmandu.html,NO_OVERLAP,Fixed semantic similarity threshold.,discovery,,,2026-09-10T19:58:48.330604+09:00
야영장기준인원초과료,,야영장기준인원초과료,topic:야영장,,,,낮음,,,,,0.3,0.2,0.2,0.4,,False,0,99.5,NEW,EXISTING_EXTERNAL,new_theme,NEW,2026-09-10T18:28:14.200587+09:00,2026-09-10T19:58:48.330604+09:00,NAVER_SEARCHAD,0,UNVERIFIED,evergreen|informational,informational,NEW_PAGE,/kor/report/camp/jangsu.html,NO_OVERLAP,Fixed semantic similarity threshold.,discovery,CENSORED_OR_MISSING,2026-09-10T18:28:14.200587+09:00,2026-09-10T19:58:48.330604+09:00
야영장주말성수기구분,,야영장주말성수기구분,topic:야영장,,,,낮음,,,,,0.3,0.2,0.2,0.4,,False,0,99.5,NEW,EXISTING_EXTERNAL,new_theme,NEW,2026-09-10T18:28:14.200587+09:00,2026-09-10T19:58:48.330604+09:00,NAVER_SEARCHAD,0,UNVERIFIED,evergreen|informational,informational,NEW_PAGE,/kor/report/camp/yeosu.html,NO_OVERLAP,Fixed semantic similarity threshold.,discovery,CENSORED_OR_MISSING,2026-09-10T18:28:14.200587+09:00,2026-09-10T19:58:48.330604+09:00
자동차검사준비점검,,자동차검사준비점검,topic:자동차검사,,,,낮음,,,,,0.3,0.2,0.18000000000000002,0.4,,False,0,98.95,NEW,EXISTING_EXTERNAL,new_theme,REJECTED,2026-09-10T18:28:14.200587+09:00,2026-09-10T19:58:48.330604+09:00,NAVER_SEARCHAD,0,UNVERIFIED,evergreen|informational,informational,REJECT,/kor/report/car/,NO_OVERLAP,UNCLEAR_OR_BROAD_INTENT,discovery,CENSORED_OR_MISSING,2026-09-10T18:28:14.200587+09:00,
반려동물멤버십해지제한피해,,반려동물멤버십해지제한피해,topic:반려동물,,,,낮음,,,,,0.3,0.2,0.26,0.4,,False,0,98.33,NEW,EXISTING_EXTERNAL,new_theme,NEW,2026-09-10T18:28:14.200587+09:00,2026-09-10T19:58:48.330604+09:00,NAVER_SEARCHAD,0,UNVERIFIED,evergreen|informational,informational,NEW_PAGE,/404.html,NO_OVERLAP,Fixed semantic similarity threshold.,discovery,CENSORED_OR_MISSING,2026-09-10T18:28:14.200587+09:00,2026-09-10T19:58:48.330604+09:00
자동차검사지연과태료,,자동차검사지연과태료,topic:자동차검사,,,,낮음,,,,,0.3,0.2,0.2,0.4,,False,0,98.33,NEW,EXISTING_EXTERNAL,new_theme,NEW,2026-09-10T18:28:14.200587+09:00,2026-09-10T19:58:48.330604+09:00,NAVER_SEARCHAD,0,UNVERIFIED,evergreen|informational,informational,NEW_PAGE,/kor/report/car/,NO_OVERLAP,Fixed semantic similarity threshold.,discovery,CENSORED_OR_MISSING,2026-09-10T18:28:14.200587+09:00,2026-09-10T19:58:48.330604+09:00
자동차관리사업자조회,,자동차관리사업자조회,topic:자동차,,,,높음,,,,,0.3,0.2,0.2,0.4,,False,0,97.65,NEW,EXISTING_EXTERNAL,new_theme,NEW,2026-09-10T18:28:14.200587+09:00,2026-09-10T19:58:48.330604+09:00,NAVER_SEARCHAD,0,UNVERIFIED,evergreen|informational,informational,NEW_PAGE,/kor/report/animal/dwarfrabbit.html,NO_OVERLAP,Fixed semantic similarity threshold.,discovery,CENSORED_OR_MISSING,2026-09-10T18:28:14.200587+09:00,2026-09-10T19:58:48.330604+09:00
등록야영장확인,,등록야영장확인,topic:등록,,,,낮음,,,,,0.3,0.2,0.13999999999999999,0.4,,False,0,97.27,NEW,EXISTING_EXTERNAL,new_theme,REJECTED,2026-09-10T18:28:14.200587+09:00,2026-09-10T19:58:48.330604+09:00,NAVER_SEARCHAD,0,UNVERIFIED,evergreen|informational,informational,REJECT,/kor/report/camp/gwangju-g.html,NO_OVERLAP,UNCLEAR_OR_BROAD_INTENT,discovery,CENSORED_OR_MISSING,2026-09-10T18:28:14.200587+09:00,
홈페이지가네이버에등록됐는지확인방법,,홈페이지가네이버에등록됐는지확인방법,topic:홈페이지가,,,,낮음,,,,,0.3,0.2,0.81,0.4,,False,0,96.39,NEW,EXISTING_EXTERNAL,new_theme,NEW,2026-09-10T18:28:14.200587+09:00,2026-09-10T19:58:48.330604+09:00,NAVER_SEARCHAD,0,UNVERIFIED,evergreen|how-to|informational,how-to,NEW_PAGE,/kor/report/window/windows-update-error-0x80240042-fix.html,NO_OVERLAP,Fixed semantic similarity threshold.,discovery,CENSORED_OR_MISSING,2026-09-10T18:28:14.200587+09:00,2026-09-10T19:58:48.330604+09:00
야영장숯불장작허가,,야영장숯불장작허가,topic:야영장,,,,낮음,,,,,0.3,0.2,0.18000000000000002,0.4,,False,0,96.0,NEW,EXISTING_EXTERNAL,new_theme,REJECTED,2026-09-10T18:28:14.200587+09:00,2026-09-10T19:58:48.330604+09:00,NAVER_SEARCHAD,0,UNVERIFIED,evergreen|informational,informational,REJECT,/kor/report/camp/yeosu.html,NO_OVERLAP,UNCLEAR_OR_BROAD_INTENT,discovery,CENSORED_OR_MISSING,2026-09-10T18:28:14.200587+09:00,
입국외화신고,,입국외화신고,topic:입국,,10,,높음,,,,,0.3,0.2,0.12,0.4,,False,0,96.0,NEW,EXISTING_EXTERNAL,new_theme,REJECTED,2026-09-10T18:28:14.200587+09:00,2026-09-10T19:58:48.330604+09:00,NAVER_SEARCHAD,0,UNVERIFIED,evergreen|informational,informational,REJECT,/kor/report/visa/brunei.html,NO_OVERLAP,UNCLEAR_OR_BROAD_INTENT,discovery,CENSORED_OR_MISSING,2026-09-10T18:28:14.200587+09:00,
특화야영장구비물품,,특화야영장구비물품,topic:특화야영장,,,,낮음,,,,,0.3,0.2,0.18000000000000002,0.4,,False,0,96.0,NEW,EXISTING_EXTERNAL,new_theme,REJECTED,2026-09-10T18:28:14.200587+09:00,2026-09-10T19:58:48.330604+09:00,NAVER_SEARCHAD,0,UNVERIFIED,evergreen|informational,informational,REJECT,/kor/report/camp/jangsu.html,NO_OVERLAP,UNCLEAR_OR_BROAD_INTENT,discovery,CENSORED_OR_MISSING,2026-09-10T18:28:14.200587+09:00,
자동차종합검사시기,,자동차종합검사시기,topic:자동차,10,40,50,높음,,,,,0.3,0.2,0.18000000000000002,0.4,,False,50,95.26,NEW,EXISTING_EXTERNAL,new_theme,REJECTED,2026-09-10T18:28:14.200587+09:00,2026-09-10T19:58:48.330604+09:00,NAVER_SEARCHAD,0,MEDIUM,evergreen|informational,informational,REJECT,/kor/report/car/,NO_OVERLAP,UNCLEAR_OR_BROAD_INTENT,discovery,,2026-09-10T18:28:14.200587+09:00,
현지경찰신고와재외공관연락,,현지경찰신고와재외공관연락,topic:현지,,,,낮음,,,,,0.3,0.2,0.26,0.4,,False,0,94.44,NEW,EXISTING_EXTERNAL,new_theme,NEW,2026-09-10T18:28:14.200587+09:00,2026-09-10T19:58:48.330604+09:00,NAVER_SEARCHAD,0,UNVERIFIED,evergreen|informational,informational,NEW_PAGE,/kor/report/travel/maldives-male.html,NO_OVERLAP,Fixed semantic similarity threshold.,discovery,CENSORED_OR_MISSING,2026-09-10T18:28:14.200587+09:00,2026-09-10T19:58:48.330604+09:00
자동차검사수수료감면,,자동차검사수수료감면,topic:자동차검사,10,20,30,높음,,,,,0.3,0.2,0.2,0.4,,False,50,93.53,NEW,EXISTING_EXTERNAL,new_theme,NEW,2026-09-10T18:28:14.200587+09:00,2026-09-10T19:58:48.330604+09:00,NAVER_SEARCHAD,0,MEDIUM,evergreen|informational,informational,NEW_PAGE,/kor/report/coin/arkm-guide.html,NO_OVERLAP,Fixed semantic similarity threshold.,discovery,,2026-09-10T18:28:14.200587+09:00,2026-09-10T19:58:48.330604+09:00
자동차등록비용조회,,자동차등록비용조회,topic:자동차,,,,높음,,,,,0.9,0.2,0.405,0.4,,False,0,92.5,NEW,EXISTING_EXTERNAL,new_theme,NEW,2026-09-10T18:28:14.200587+09:00,2026-09-10T19:58:48.330604+09:00,NAVER_SEARCHAD,0,UNVERIFIED,commercial|evergreen|informational,informational,NEW_PAGE,/kor/report/car/,NO_OVERLAP,Fixed semantic similarity threshold.,discovery,CENSORED_OR_MISSING,2026-09-10T18:28:14.200587+09:00,2026-09-10T19:58:48.330604+09:00
자동차검사수수료,,자동차검사수수료,topic:자동차검사,140,360,500,높음,,,,,0.3,0.2,0.16000000000000003,0.4,,False,50,91.33,EXPERIMENT_THEME,EXISTING_EXTERNAL,new_theme,REJECTED,2026-09-10T18:28:14.200587+09:00,2026-09-10T19:58:48.330604+09:00,NAVER_SEARCHAD,0,MEDIUM,evergreen|informational,informational,REJECT,/kor/report/coin/arkm-guide.html,NO_OVERLAP,UNCLEAR_OR_BROAD_INTENT,discovery,,2026-09-10T18:28:14.200587+09:00,
자동차정기검사대행,자동차검사 수수료,자동차검사수수료,topic:자동차검사,100,200,300,높음,,,,,0.3,0.2,0.18000000000000002,0.4,,False,50,91.33,EXPERIMENT_THEME,EXISTING_EXTERNAL,new_theme,REJECTED,2026-09-10T18:28:14.200587+09:00,2026-09-10T19:58:48.330604+09:00,NAVER_SEARCHAD,1,MEDIUM,evergreen|informational,informational,REJECT,/kor/report/animal/guineapig.html,NO_OVERLAP,UNCLEAR_OR_BROAD_INTENT,discovery,,2026-09-10T18:28:14.200587+09:00,
자동차검사지역,자동차검사 수수료,자동차검사수수료,topic:자동차검사,10,30,40,높음,,,,,0.3,0.2,0.13999999999999999,0.4,,False,50,91.33,EXPERIMENT_THEME,EXISTING_EXTERNAL,new_theme,REJECTED,2026-09-10T18:28:14.200587+09:00,2026-09-10T19:58:48.330604+09:00,NAVER_SEARCHAD,1,MEDIUM,evergreen|informational,informational,REJECT,/kor/report/car/,NO_OVERLAP,UNCLEAR_OR_BROAD_INTENT,discovery,,2026-09-10T18:28:14.200587+09:00,
자동차종합검사대행,자동차검사 수수료,자동차검사수수료,topic:자동차검사,120,130,250,높음,,,,,0.3,0.2,0.18000000000000002,0.4,,False,50,91.33,EXPERIMENT_THEME,EXISTING_EXTERNAL,new_theme,REJECTED,2026-09-10T18:28:14.200587+09:00,2026-09-10T19:58:48.330604+09:00,NAVER_SEARCHAD,1,MEDIUM,evergreen|informational,informational,REJECT,/kor/report/car/,NO_OVERLAP,UNCLEAR_OR_BROAD_INTENT,discovery,,2026-09-10T18:28:14.200587+09:00,
자동차검사소,자동차검사 수수료,자동차검사수수료,topic:자동차검사,12000,62300,74300,높음,,,,,0.3,0.2,0.12,0.4,,False,50,91.33,EXPERIMENT_THEME,EXISTING_EXTERNAL,new_theme,REJECTED,2026-09-10T18:28:14.200587+09:00,2026-09-10T19:58:48.330604+09:00,NAVER_SEARCHAD,1,MEDIUM,evergreen|informational,informational,REJECT,/kor/report/car/,NO_OVERLAP,UNCLEAR_OR_BROAD_INTENT,discovery,,2026-09-10T18:28:14.200587+09:00,
자동차검사예약,자동차검사 수수료,자동차검사수수료,topic:자동차검사,13200,31400,44600,높음,,,,,0.3,0.2,0.13999999999999999,0.4,,False,50,91.33,EXPERIMENT_THEME,EXISTING_EXTERNAL,new_theme,REJECTED,2026-09-10T18:28:14.200587+09:00,2026-09-10T19:58:48.330604+09:00,NAVER_SEARCHAD,1,MEDIUM,evergreen|informational,informational,REJECT,/kor/report/car/,NO_OVERLAP,UNCLEAR_OR_BROAD_INTENT,discovery,,2026-09-10T18:28:14.200587+09:00,
자동차검사료,자동차검사 수수료,자동차검사수수료,topic:자동차검사,30,220,250,높음,,,,,0.3,0.2,0.12,0.4,,False,50,91.33,EXPERIMENT_THEME,EXISTING_EXTERNAL,new_theme,REJECTED,2026-09-10T18:28:14.200587+09:00,2026-09-10T19:58:48.330604+09:00,NAVER_SEARCHAD,1,MEDIUM,evergreen|informational,informational,REJECT,/kor/report/car/,NO_OVERLAP,UNCLEAR_OR_BROAD_INTENT,discovery,,2026-09-10T18:28:14.200587+09:00,
차량종합검사,자동차검사 수수료,자동차검사수수료,topic:자동차검사,130,280,410,높음,,,,,0.3,0.2,0.12,0.4,,False,50,91.33,EXPERIMENT_THEME,EXISTING_EXTERNAL,new_theme,REJECTED,2026-09-10T18:28:14.200587+09:00,2026-09-10T19:58:48.330604+09:00,NAVER_SEARCHAD,1,MEDIUM,evergreen|informational,informational,REJECT,/kor/report/animal/tigrinus.html,NO_OVERLAP,UNCLEAR_OR_BROAD_INTENT,discovery,,2026-09-10T18:28:14.200587+09:00,
자동차검사비,자동차검사 수수료,자동차검사수수료,topic:자동차검사,220,1300,1520,높음,,,,,0.3,0.2,0.12,0.4,,False,50,91.33,EXPERIMENT_THEME,EXISTING_EXTERNAL,new_theme,REJECTED,2026-09-10T18:28:14.200587+09:00,2026-09-10T19:58:48.330604+09:00,NAVER_SEARCHAD,1,MEDIUM,evergreen|informational,informational,REJECT,/kor/report/car/,NO_OVERLAP,UNCLEAR_OR_BROAD_INTENT,discovery,,2026-09-10T18:28:14.200587+09:00,
자동차검사과태료,자동차검사 수수료,자동차검사수수료,topic:자동차검사,1630,8370,10000,높음,,,,,0.3,0.2,0.16000000000000003,0.4,,False,50,91.33,EXPERIMENT_THEME,EXISTING_EXTERNAL,new_theme,REJECTED,2026-09-10T18:28:14.200587+09:00,2026-09-10T19:58:48.330604+09:00,NAVER_SEARCHAD,1,MEDIUM,evergreen|informational,informational,REJECT,/kor/report/car/,NO_OVERLAP,UNCLEAR_OR_BROAD_INTENT,discovery,,2026-09-10T18:28:14.200587+09:00,
자동차검사,자동차검사 수수료,자동차검사수수료,topic:자동차검사,17400,34800,52200,높음,,,,,0.3,0.2,0.1,0.4,,False,50,91.33,EXPERIMENT_THEME,EXISTING_EXTERNAL,new_theme,REJECTED,2026-09-10T18:28:14.200587+09:00,2026-09-10T19:58:48.330604+09:00,NAVER_SEARCHAD,1,MEDIUM,evergreen|informational,informational,REJECT,/kor/report/car/,NO_OVERLAP,UNCLEAR_OR_BROAD_INTENT,discovery,,2026-09-10T18:28:14.200587+09:00,
자동차정기검사,자동차검사 수수료,자동차검사수수료,topic:자동차검사,5360,14700,20060,중간,,,,,0.3,0.2,0.13999999999999999,0.4,,False,50,91.33,EXPERIMENT_THEME,EXISTING_EXTERNAL,new_theme,REJECTED,2026-09-10T18:28:14.200587+09:00,2026-09-10T19:58:48.330604+09:00,NAVER_SEARCHAD,1,MEDIUM,evergreen|informational,informational,REJECT,/kor/report/animal/guineapig.html,NO_OVERLAP,UNCLEAR_OR_BROAD_INTENT,discovery,,2026-09-10T18:28:14.200587+09:00,
자동차정기검진,자동차검사 수수료,자동차검사수수료,topic:자동차검사,110,350,460,높음,,,,,0.3,0.2,0.13999999999999999,0.4,,False,50,91.33,EXPERIMENT_THEME,EXISTING_EXTERNAL,new_theme,REJECTED,2026-09-10T18:28:14.200587+09:00,2026-09-10T19:58:48.330604+09:00,NAVER_SEARCHAD,1,MEDIUM,evergreen|informational,informational,REJECT,/kor/report/animal/chameleon.html,LOW_OVERLAP,UNCLEAR_OR_BROAD_INTENT,discovery,,2026-09-10T18:28:14.200587+09:00,
자동차검사비용,자동차검사 수수료,자동차검사수수료,topic:자동차검사,2190,11100,13290,높음,0.1,-2.81,0.1,0.741,0.9,0.2,0.315,0.4,51.12,True,100,91.33,EXPERIMENT_THEME,EXISTING_EXTERNAL,new_theme,PUBLISHED,2026-09-10T18:28:14.200587+09:00,2026-09-10T19:58:48.330604+09:00,NAVER_SEARCHAD,1,HIGH,commercial|evergreen|informational,informational,NEW_PAGE,/kor/util/car-inspection-cost/,NO_OVERLAP,Fixed semantic similarity threshold.,discovery,,2026-09-10T19:58:48.330604+09:00,2026-09-10T19:58:48.330604+09:00
정기검사대행,자동차검사 수수료,자동차검사수수료,topic:자동차검사,10,10,20,높음,,,,,0.3,0.2,0.12,0.4,,False,50,91.33,EXPERIMENT_THEME,EXISTING_EXTERNAL,new_theme,REJECTED,2026-09-10T18:28:14.200587+09:00,2026-09-10T19:58:48.330604+09:00,NAVER_SEARCHAD,1,MEDIUM,evergreen|informational,informational,REJECT,/kor/report/animal/chameleon.html,NO_OVERLAP,UNCLEAR_OR_BROAD_INTENT,discovery,,2026-09-10T18:28:14.200587+09:00,
성산자동차검사소,자동차검사 수수료,자동차검사수수료,topic:자동차검사,830,2410,3240,중간,,,,,0.3,0.2,0.16000000000000003,0.4,,False,50,91.33,EXPERIMENT_THEME,EXISTING_EXTERNAL,new_theme,REJECTED,2026-09-10T18:28:14.200587+09:00,2026-09-10T19:58:48.330604+09:00,NAVER_SEARCHAD,1,MEDIUM,evergreen|informational,informational,REJECT,/kor/report/car/,NO_OVERLAP,UNCLEAR_OR_BROAD_INTENT,discovery,,2026-09-10T18:28:14.200587+09:00,
화물차정기검사,자동차검사 수수료,자동차검사수수료,topic:자동차검사,20,80,100,높음,,,,,0.3,0.2,0.13999999999999999,0.4,,False,50,91.33,EXPERIMENT_THEME,EXISTING_EXTERNAL,new_theme,REJECTED,2026-09-10T18:28:14.200587+09:00,2026-09-10T19:58:48.330604+09:00,NAVER_SEARCHAD,1,MEDIUM,evergreen|informational,informational,REJECT,/kor/report/animal/chameleon.html,NO_OVERLAP,UNCLEAR_OR_BROAD_INTENT,discovery,,2026-09-10T18:28:14.200587+09:00,
차량정기검사대행,자동차검사 수수료,자동차검사수수료,topic:자동차검사,10,30,40,높음,,,,,0.3,0.2,0.16000000000000003,0.4,,False,50,91.33,EXPERIMENT_THEME,EXISTING_EXTERNAL,new_theme,REJECTED,2026-09-10T18:28:14.200587+09:00,2026-09-10T19:58:48.330604+09:00,NAVER_SEARCHAD,1,MEDIUM,evergreen|informational,informational,REJECT,/kor/report/animal/chameleon.html,NO_OVERLAP,UNCLEAR_OR_BROAD_INTENT,discovery,,2026-09-10T18:28:14.200587+09:00,
자동차종합검사비용,자동차검사 수수료,자동차검사수수료,topic:자동차검사,1190,4950,6140,높음,-0.51,-13.8,-0.51,0.924,0.9,0.2,0.405,0.4,50.71,True,100,91.33,EXPERIMENT_THEME,EXISTING_EXTERNAL,new_theme,NEW,2026-09-10T18:28:14.200587+09:00,2026-09-10T19:58:48.330604+09:00,NAVER_SEARCHAD,1,HIGH,commercial|evergreen|informational,informational,NEW_PAGE,/kor/report/car/,NO_OVERLAP,Fixed semantic similarity threshold.,discovery,,2026-09-10T19:58:48.330604+09:00,2026-09-10T19:58:48.330604+09:00
자동차정기검사비용,자동차검사 수수료,자동차검사수수료,topic:자동차검사,970,3660,4630,높음,-3.68,-1.82,-3.68,0.717,0.9,0.2,0.405,0.4,50.28,True,100,91.33,EXPERIMENT_THEME,EXISTING_EXTERNAL,new_theme,NEW,2026-09-10T18:28:14.200587+09:00,2026-09-10T19:58:48.330604+09:00,NAVER_SEARCHAD,1,HIGH,commercial|evergreen|informational,informational,NEW_PAGE,/kor/report/animal/guineapig.html,NO_OVERLAP,Fixed semantic similarity threshold.,discovery,,2026-09-10T19:58:48.330604+09:00,2026-09-10T19:58:48.330604+09:00
분리발권다구간항공권의구매순서와취소위험,,분리발권다구간항공권의구매순서와취소위험,travel,,,,낮음,,,,,0.9,0.2,0.9,0.9,,False,0,84.21,NEW,EXISTING_EXTERNAL,new_theme,NEW,2026-09-10T18:28:14.200587+09:00,2026-09-10T19:58:48.330604+09:00,NAVER_SEARCHAD,0,UNVERIFIED,commercial|evergreen|informational,informational,NEW_PAGE,/kor/report/maple/maple-raising-event-2026.html,NO_OVERLAP,Fixed semantic similarity threshold.,discovery,CENSORED_OR_MISSING,2026-09-10T18:28:14.200587+09:00,2026-09-10T19:58:48.330604+09:00
추천 항공편과 최저가 항공편의 가격·편의성 차이,,추천항공편과최저가항공편의가격편의성차이,travel,,,,,,,,,0.9,0.2,0.9,0.9,,False,0,82.63,NEW,EXISTING_EXTERNAL,new_theme,NEW,2026-09-10T18:28:14.200587+09:00,2026-09-10T19:58:48.330604+09:00,EXISTING_EXTERNAL,0,UNVERIFIED,commercial|comparison|evergreen|informational,comparison,NEW_PAGE,/kor/report/window/windows11-first-30minutes-setup.html,NO_OVERLAP,Fixed semantic similarity threshold.,discovery,,,2026-09-10T19:58:48.330604+09:00
해외식당테이블예약입력정보와확인,,해외식당테이블예약입력정보와확인,travel,,,,낮음,,,,,0.3,0.2,0.32000000000000006,0.9,,False,0,82.63,NEW,EXISTING_EXTERNAL,new_theme,NEW,2026-09-10T18:28:14.200587+09:00,2026-09-10T19:58:48.330604+09:00,NAVER_SEARCHAD,0,UNVERIFIED,evergreen|informational,informational,NEW_PAGE,/kor/report/camp/cheondong-auto-camping.html,NO_OVERLAP,Fixed semantic similarity threshold.,discovery,CENSORED_OR_MISSING,2026-09-10T18:28:14.200587+09:00,2026-09-10T19:58:48.330604+09:00
항공기기종별배출량데이터누락,,항공기기종별배출량데이터누락,travel,,,,낮음,,,,,0.3,0.2,0.27999999999999997,0.9,,False,0,82.4,NEW,EXISTING_EXTERNAL,new_theme,NEW,2026-09-10T18:28:14.200587+09:00,2026-09-10T19:58:48.330604+09:00,NAVER_SEARCHAD,0,UNVERIFIED,evergreen|informational,informational,NEW_PAGE,/kor/report/coin/aig-guide.html,NO_OVERLAP,Fixed semantic similarity threshold.,discovery,CENSORED_OR_MISSING,2026-09-10T18:28:14.200587+09:00,2026-09-10T19:58:48.330604+09:00
예약 일부 인원·수량 부분취소 가능 여부,,예약일부인원수량부분취소가능여부,travel,,,,,,,,,0.3,0.2,0.32000000000000006,0.9,,False,0,81.4,NEW,EXISTING_EXTERNAL,new_theme,NEW,2026-09-10T18:28:14.200587+09:00,2026-09-10T19:58:48.330604+09:00,EXISTING_EXTERNAL,0,UNVERIFIED,evergreen|informational,informational,NEW_PAGE,/kor/report/travel/근처-맛집-추천.html,NO_OVERLAP,Fixed semantic similarity threshold.,discovery,,,2026-09-10T19:58:48.330604+09:00
여행전감염병정보와예방접종확인,,여행전감염병정보와예방접종확인,travel,,,,낮음,,,,,0.3,0.2,0.30000000000000004,0.9,,False,0,80.65,NEW,EXISTING_EXTERNAL,new_theme,NEW,2026-09-10T18:28:14.200587+09:00,2026-09-10T19:58:48.330604+09:00,NAVER_SEARCHAD,0,UNVERIFIED,evergreen|informational,informational,NEW_PAGE,/kor/report/animal/raccoon.html,NO_OVERLAP,Fixed semantic similarity threshold.,discovery,CENSORED_OR_MISSING,2026-09-10T18:28:14.200587+09:00,2026-09-10T19:58:48.330604+09:00
항공권예약정보미연동,,항공권예약정보미연동,travel,,,,낮음,,,,,0.3,0.2,0.2,0.9,,False,0,80.65,NEW,EXISTING_EXTERNAL,new_theme,NEW,2026-09-10T18:28:14.200587+09:00,2026-09-10T19:58:48.330604+09:00,NAVER_SEARCHAD,0,UNVERIFIED,evergreen|informational,informational,NEW_PAGE,/kor/report/travel/일본-혼자-여행.html,NO_OVERLAP,Fixed semantic similarity threshold.,discovery,CENSORED_OR_MISSING,2026-09-10T18:28:14.200587+09:00,2026-09-10T19:58:48.330604+09:00
제휴·매진·구매불가 항공편 미표시,,제휴매진구매불가항공편미표시,travel,,,,,,,,,0.9,0.2,0.63,0.9,,False,0,80.07,NEW,EXISTING_EXTERNAL,new_theme,NEW,2026-09-10T18:28:14.200587+09:00,2026-09-10T19:58:48.330604+09:00,EXISTING_EXTERNAL,0,UNVERIFIED,commercial|evergreen|informational,informational,NEW_PAGE,/kor/report/coin/ava-guide.html,NO_OVERLAP,Fixed semantic similarity threshold.,discovery,,,2026-09-10T19:58:48.330604+09:00
호텔 공식 등급·Google 예측 등급·사용자평점 구분,,호텔공식등급google예측등급사용자평점구분,topic:호텔,,,,,,,,,0.3,0.2,0.4,0.4,,False,0,73.24,NEW,EXISTING_EXTERNAL,new_theme,NEW,2026-09-10T18:28:14.200587+09:00,2026-09-10T19:58:48.330604+09:00,EXISTING_EXTERNAL,0,UNVERIFIED,evergreen|informational,informational,NEW_PAGE,/kor/column/google-io-2026-summary-2026.html,NO_OVERLAP,Fixed semantic similarity threshold.,discovery,,,2026-09-10T19:58:48.330604+09:00
해외위험상황발생시즉시행동과일정등록,,해외위험상황발생시즉시행동과일정등록,topic:해외,,,,낮음,,,,,0.3,1,0.36000000000000004,0.4,,False,0,72.56,NEW,EXISTING_EXTERNAL,new_theme,NEW,2026-09-10T18:28:14.200587+09:00,2026-09-10T19:58:48.330604+09:00,NAVER_SEARCHAD,0,UNVERIFIED,current-information|informational,informational,NEW_PAGE,/kor/report/travel/austria-bad-voeslau.html,NO_OVERLAP,Fixed semantic similarity threshold.,discovery,CENSORED_OR_MISSING,2026-09-10T18:28:14.200587+09:00,2026-09-10T19:58:48.330604+09:00
캠핑부탄가스과대불판,,캠핑부탄가스과대불판,camp,,,,낮음,,,,,0.3,0.2,0.2,0.9,,False,0,72.43,NEW,EXISTING_EXTERNAL,new_theme,NEW,2026-09-10T18:28:14.200587+09:00,2026-09-10T19:58:48.330604+09:00,NAVER_SEARCHAD,0,UNVERIFIED,evergreen|informational,informational,NEW_PAGE,/kor/report/travel/bhutan-gasa.html,NO_OVERLAP,Fixed semantic similarity threshold.,discovery,CENSORED_OR_MISSING,2026-09-10T18:28:14.200587+09:00,2026-09-10T19:58:48.330604+09:00
캠핑전기릴선안전,,캠핑전기릴선안전,camp,,,,높음,,,,,0.3,0.2,0.16000000000000003,0.9,,False,0,72.02,NEW,EXISTING_EXTERNAL,new_theme,REJECTED,2026-09-10T18:28:14.200587+09:00,2026-09-10T19:58:48.330604+09:00,NAVER_SEARCHAD,0,UNVERIFIED,evergreen|informational,informational,REJECT,/kor/report/camp/namhae.html,NO_OVERLAP,UNCLEAR_OR_BROAD_INTENT,discovery,CENSORED_OR_MISSING,2026-09-10T18:28:14.200587+09:00,
예술활동증명 실적·소득 기준과 신청자료,,예술활동증명실적소득기준과신청자료,gov,,,,,,,,,0.3,0.2,0.765,0.9,,False,0,71.62,NEW,EXISTING_EXTERNAL,new_theme,NEW,2026-09-10T18:28:14.200587+09:00,2026-09-10T19:58:48.330604+09:00,EXISTING_EXTERNAL,0,UNVERIFIED,evergreen|how-to|informational,how-to,NEW_PAGE,/kor/report/visa/saint-lucia.html,NO_OVERLAP,Fixed semantic similarity threshold.,discovery,,,2026-09-10T19:58:48.330604+09:00
의료요양지역돌봄통합지원신청,,의료요양지역돌봄통합지원신청,gov,,,,낮음,,,,,0.3,0.2,0.63,0.9,,False,0,71.62,NEW,EXISTING_EXTERNAL,new_theme,NEW,2026-09-10T18:28:14.200587+09:00,2026-09-10T19:58:48.330604+09:00,NAVER_SEARCHAD,0,UNVERIFIED,evergreen|how-to|informational,how-to,NEW_PAGE,/kor/report/coin/42-guide.html,NO_OVERLAP,Fixed semantic similarity threshold.,discovery,CENSORED_OR_MISSING,2026-09-10T18:28:14.200587+09:00,2026-09-10T19:58:48.330604+09:00
호텔특가배지의비교기준,,호텔특가배지의비교기준,topic:호텔,,,,낮음,,,,,0.3,0.2,0.49500000000000005,0.4,,False,0,71.4,NEW,EXISTING_EXTERNAL,new_theme,NEW,2026-09-10T18:28:14.200587+09:00,2026-09-10T19:58:48.330604+09:00,NAVER_SEARCHAD,0,UNVERIFIED,comparison|evergreen|informational,comparison,NEW_PAGE,/kor/column/terraria-beginner-complete-guide-2026.html,NO_OVERLAP,Fixed semantic similarity threshold.,discovery,CENSORED_OR_MISSING,2026-09-10T18:28:14.200587+09:00,2026-09-10T19:58:48.330604+09:00
팰월드 거점 팰 일 안함·작업 오류,,팰월드거점팰일안함작업오류,palworld,,,,,,,,,0.3,0.2,0.5850000000000001,0.9,,False,0,71.05,NEW,EXISTING_EXTERNAL,new_theme,NEW,2026-09-10T18:28:14.200587+09:00,2026-09-10T19:58:48.330604+09:00,EXISTING_EXTERNAL,0,UNVERIFIED,evergreen|informational|troubleshooting,troubleshooting,NEW_PAGE,/kor/column/,LOW_OVERLAP,Fixed semantic similarity threshold.,discovery,,,2026-09-10T19:58:48.330604+09:00
산지전용허가면적별신청기관과제출서류,,산지전용허가면적별신청기관과제출서류,gov,,,,낮음,,,,,0.3,0.2,0.81,0.9,,False,0,71.0,NEW,EXISTING_EXTERNAL,new_theme,NEW,2026-09-10T18:28:14.200587+09:00,2026-09-10T19:58:48.330604+09:00,NAVER_SEARCHAD,0,UNVERIFIED,checklist|evergreen|how-to|informational,checklist,NEW_PAGE,/kor/report/visa/israel.html,NO_OVERLAP,Fixed semantic similarity threshold.,discovery,CENSORED_OR_MISSING,2026-09-10T18:28:14.200587+09:00,2026-09-10T19:58:48.330604+09:00
국립공원야영장사용료전기사용료,,국립공원야영장사용료전기사용료,topic:국립공원,,,,낮음,,,,,0.3,0.2,0.30000000000000004,0.4,,False,0,70.55,NEW,EXISTING_EXTERNAL,new_theme,NEW,2026-09-10T18:28:14.200587+09:00,2026-09-10T19:58:48.330604+09:00,NAVER_SEARCHAD,0,UNVERIFIED,evergreen|informational,informational,NEW_PAGE,/kor/report/camp/yeongcheon.html,NO_OVERLAP,Fixed semantic similarity threshold.,discovery,CENSORED_OR_MISSING,2026-09-10T18:28:14.200587+09:00,2026-09-10T19:58:48.330604+09:00
자동차점검,자동차검사비용,자동차검사수수료,topic:자동차검사,690,2110,2800,높음,,,,,0.3,0.2,0.1,0.4,,False,50,15.4,EXPERIMENT_THEME,NAVER_SEARCHAD,new_theme,REJECTED,2026-09-10T18:34:37.549557+09:00,2026-09-10T19:58:48.330604+09:00,NAVER_SEARCHAD,2,MEDIUM,evergreen|informational,informational,REJECT,/kor/report/car/,NO_OVERLAP,UNCLEAR_OR_BROAD_INTENT,discovery,,2026-09-10T18:34:37.549557+09:00,
자동차검사소예약,자동차검사비용,자동차검사수수료,topic:자동차검사,1990,4620,6610,높음,,,,,0.3,0.2,0.16000000000000003,0.4,,False,50,15.4,EXPERIMENT_THEME,NAVER_SEARCHAD,new_theme,REJECTED,2026-09-10T18:34:37.549557+09:00,2026-09-10T19:58:48.330604+09:00,NAVER_SEARCHAD,2,MEDIUM,evergreen|informational,informational,REJECT,/kor/report/car/,NO_OVERLAP,UNCLEAR_OR_BROAD_INTENT,discovery,,2026-09-10T18:34:37.549557+09:00,
자동차검사조회,자동차검사비용,자동차검사수수료,topic:자동차검사,2230,3880,6110,높음,,,,,0.3,0.2,0.13999999999999999,0.4,,False,50,15.4,EXPERIMENT_THEME,NAVER_SEARCHAD,new_theme,REJECTED,2026-09-10T18:34:37.549557+09:00,2026-09-10T19:58:48.330604+09:00,NAVER_SEARCHAD,2,MEDIUM,evergreen|informational,informational,REJECT,/kor/report/car/,NO_OVERLAP,UNCLEAR_OR_BROAD_INTENT,discovery,,2026-09-10T18:34:37.549557+09:00,
자동차종합검사,자동차검사비용,자동차검사수수료,topic:자동차검사,2270,7100,9370,높음,,,,,0.3,0.2,0.13999999999999999,0.4,,False,50,15.4,EXPERIMENT_THEME,NAVER_SEARCHAD,new_theme,REJECTED,2026-09-10T18:34:37.549557+09:00,2026-09-10T19:58:48.330604+09:00,NAVER_SEARCHAD,2,MEDIUM,evergreen|informational,informational,REJECT,/kor/report/car/,NO_OVERLAP,UNCLEAR_OR_BROAD_INTENT,discovery,,2026-09-10T18:34:37.549557+09:00,
자동차정기검사예약,자동차검사비용,자동차검사수수료,topic:자동차검사,1380,2360,3740,높음,,,,,0.3,0.2,0.18000000000000002,0.4,,False,50,15.4,EXPERIMENT_THEME,NAVER_SEARCHAD,new_theme,REJECTED,2026-09-10T18:34:37.549557+09:00,2026-09-10T19:58:48.330604+09:00,NAVER_SEARCHAD,2,MEDIUM,evergreen|informational,informational,REJECT,/kor/report/animal/guineapig.html,NO_OVERLAP,UNCLEAR_OR_BROAD_INTENT,discovery,,2026-09-10T18:34:37.549557+09:00,
자동차정기검사소,자동차검사비용,자동차검사수수료,topic:자동차검사,390,1680,2070,높음,,,,,0.3,0.2,0.16000000000000003,0.4,,False,50,15.4,EXPERIMENT_THEME,NAVER_SEARCHAD,new_theme,REJECTED,2026-09-10T18:34:37.549557+09:00,2026-09-10T19:58:48.330604+09:00,NAVER_SEARCHAD,2,MEDIUM,evergreen|informational,informational,REJECT,/kor/report/animal/guineapig.html,NO_OVERLAP,UNCLEAR_OR_BROAD_INTENT,discovery,,2026-09-10T18:34:37.549557+09:00,
자동차종합검사예약,자동차검사비용,자동차검사수수료,topic:자동차검사,510,780,1290,높음,,,,,0.3,0.2,0.18000000000000002,0.4,,False,50,15.4,EXPERIMENT_THEME,NAVER_SEARCHAD,new_theme,REJECTED,2026-09-10T18:34:37.549557+09:00,2026-09-10T19:58:48.330604+09:00,NAVER_SEARCHAD,2,MEDIUM,evergreen|informational,informational,REJECT,/kor/report/car/,NO_OVERLAP,UNCLEAR_OR_BROAD_INTENT,discovery,,2026-09-10T18:34:37.549557+09:00,
자동차종합검사소,자동차검사비용,자동차검사수수료,topic:자동차검사,210,1090,1300,높음,,,,,0.3,0.2,0.16000000000000003,0.4,,False,50,15.4,EXPERIMENT_THEME,NAVER_SEARCHAD,new_theme,REJECTED,2026-09-10T18:34:37.549557+09:00,2026-09-10T19:58:48.330604+09:00,NAVER_SEARCHAD,2,MEDIUM,evergreen|informational,informational,REJECT,/kor/report/car/,NO_OVERLAP,UNCLEAR_OR_BROAD_INTENT,discovery,,2026-09-10T18:34:37.549557+09:00,
자동차정기점검,자동차검사비용,자동차검사수수료,topic:자동차검사,560,1070,1630,중간,,,,,0.3,0.2,0.13999999999999999,0.4,,False,50,15.4,EXPERIMENT_THEME,NAVER_SEARCHAD,new_theme,REJECTED,2026-09-10T18:34:37.549557+09:00,2026-09-10T19:58:48.330604+09:00,NAVER_SEARCHAD,2,MEDIUM,evergreen|informational,informational,REJECT,/kor/report/animal/hongryongpencil.html,LOW_OVERLAP,UNCLEAR_OR_BROAD_INTENT,discovery,,2026-09-10T18:34:37.549557+09:00,
차량검사,자동차검사비용,자동차검사수수료,topic:자동차검사,600,970,1570,높음,,,,,0.3,0.2,0.08000000000000002,0.4,,False,50,15.4,EXPERIMENT_THEME,NAVER_SEARCHAD,new_theme,REJECTED,2026-09-10T18:34:37.549557+09:00,2026-09-10T19:58:48.330604+09:00,NAVER_SEARCHAD,2,MEDIUM,evergreen|informational,informational,REJECT,/kor/report/animal/tigrinus.html,NO_OVERLAP,UNCLEAR_OR_BROAD_INTENT,discovery,,2026-09-10T18:34:37.549557+09:00,
차량검사소,자동차검사비용,자동차검사수수료,topic:자동차검사,690,2970,3660,높음,,,,,0.3,0.2,0.1,0.4,,False,50,15.4,EXPERIMENT_THEME,NAVER_SEARCHAD,new_theme,REJECTED,2026-09-10T18:34:37.549557+09:00,2026-09-10T19:58:48.330604+09:00,NAVER_SEARCHAD,2,MEDIUM,evergreen|informational,informational,REJECT,/kor/report/animal/tigrinus.html,NO_OVERLAP,UNCLEAR_OR_BROAD_INTENT,discovery,,2026-09-10T18:34:37.549557+09:00,
자동차검사장,자동차검사비용,자동차검사수수료,topic:자동차검사,220,1630,1850,높음,,,,,0.3,0.2,0.12,0.4,,False,50,15.4,EXPERIMENT_THEME,NAVER_SEARCHAD,new_theme,REJECTED,2026-09-10T18:34:37.549557+09:00,2026-09-10T19:58:48.330604+09:00,NAVER_SEARCHAD,2,MEDIUM,evergreen|informational,informational,REJECT,/kor/report/car/,NO_OVERLAP,UNCLEAR_OR_BROAD_INTENT,discovery,,2026-09-10T18:34:37.549557+09:00,
자동차검수,자동차검사비용,자동차검사수수료,topic:자동차검사,10,20,30,높음,,,,,0.3,0.2,0.1,0.4,,False,50,15.4,EXPERIMENT_THEME,NAVER_SEARCHAD,new_theme,REJECTED,2026-09-10T18:34:37.549557+09:00,2026-09-10T19:58:48.330604+09:00,NAVER_SEARCHAD,2,MEDIUM,evergreen|informational,informational,REJECT,/kor/report/car/,NO_OVERLAP,UNCLEAR_OR_BROAD_INTENT,discovery,,2026-09-10T18:34:37.549557+09:00,
자동차정기검사조회,자동차검사비용,자동차검사수수료,topic:자동차검사,2930,6590,9520,높음,,,,,0.3,0.2,0.18000000000000002,0.4,,False,50,15.4,EXPERIMENT_THEME,NAVER_SEARCHAD,new_theme,REJECTED,2026-09-10T18:34:37.549557+09:00,2026-09-10T19:58:48.330604+09:00,NAVER_SEARCHAD,2,MEDIUM,evergreen|informational,informational,REJECT,/kor/report/animal/guineapig.html,NO_OVERLAP,UNCLEAR_OR_BROAD_INTENT,discovery,,2026-09-10T18:34:37.549557+09:00,
차량정기검사,자동차검사비용,자동차검사수수료,topic:자동차검사,770,2170,2940,높음,,,,,0.3,0.2,0.12,0.4,,False,50,15.4,EXPERIMENT_THEME,NAVER_SEARCHAD,new_theme,REJECTED,2026-09-10T18:34:37.549557+09:00,2026-09-10T19:58:48.330604+09:00,NAVER_SEARCHAD,2,MEDIUM,evergreen|informational,informational,REJECT,/kor/report/animal/chameleon.html,NO_OVERLAP,UNCLEAR_OR_BROAD_INTENT,discovery,,2026-09-10T18:34:37.549557+09:00,
자동차구조변경,자동차검사비용,자동차검사수수료,topic:자동차검사,230,730,960,높음,,,,,0.3,1,0.13999999999999999,0.4,,False,50,15.4,EXPERIMENT_THEME,NAVER_SEARCHAD,new_theme,REJECTED,2026-09-10T18:34:37.549557+09:00,2026-09-10T19:58:48.330604+09:00,NAVER_SEARCHAD,2,MEDIUM,current-information|informational,informational,REJECT,/kor/report/car/electric-car-compare-2026.html,NO_OVERLAP,UNCLEAR_OR_BROAD_INTENT,discovery,,2026-09-10T18:34:37.549557+09:00,
자동차검사대행비용,자동차검사비용,자동차검사수수료,topic:자동차검사,110,720,830,높음,,16.47,,0.949,0.9,0.2,0.405,0.4,,False,50,15.4,EXPERIMENT_THEME,NAVER_SEARCHAD,new_theme,NEW,2026-09-10T18:34:37.549557+09:00,2026-09-10T19:58:48.330604+09:00,NAVER_SEARCHAD,2,MEDIUM,commercial|evergreen|informational,informational,NEW_PAGE,/kor/report/car/,NO_OVERLAP,Fixed semantic similarity threshold.,discovery,,2026-09-10T19:58:48.330604+09:00,2026-09-10T19:58:48.330604+09:00
강남자동차검사소,자동차검사비용,자동차검사수수료,topic:자동차검사,680,2080,2760,높음,,,,,0.3,0.2,0.16000000000000003,0.4,,False,50,15.4,EXPERIMENT_THEME,NAVER_SEARCHAD,new_theme,REJECTED,2026-09-10T18:34:37.549557+09:00,2026-09-10T19:58:48.330604+09:00,NAVER_SEARCHAD,2,MEDIUM,evergreen|informational,informational,REJECT,/kor/report/car/,NO_OVERLAP,UNCLEAR_OR_BROAD_INTENT,discovery,,2026-09-10T18:34:37.549557+09:00,
자동차검사기간,자동차검사비용,자동차검사수수료,topic:자동차검사,1690,7100,8790,높음,,,,,0.3,1,0.13999999999999999,0.4,,False,50,15.4,EXPERIMENT_THEME,NAVER_SEARCHAD,new_theme,REJECTED,2026-09-10T18:34:37.549557+09:00,2026-09-10T19:58:48.330604+09:00,NAVER_SEARCHAD,2,MEDIUM,current-information|informational,informational,REJECT,/kor/report/car/,NO_OVERLAP,UNCLEAR_OR_BROAD_INTENT,discovery,,2026-09-10T18:34:37.549557+09:00,
자동차점검비용,자동차검사비용,자동차검사수수료,topic:자동차검사,100,450,550,높음,-6.89,-22.0,-6.89,0.617,0.9,0.2,0.315,0.4,42.27,True,100,15.4,EXPERIMENT_THEME,NAVER_SEARCHAD,new_theme,NEW,2026-09-10T18:34:37.549557+09:00,2026-09-10T19:58:48.330604+09:00,NAVER_SEARCHAD,2,HIGH,commercial|evergreen|informational,informational,NEW_PAGE,/kor/report/car/,NO_OVERLAP,Fixed semantic similarity threshold.,discovery,,2026-09-10T19:58:48.330604+09:00,2026-09-10T19:58:48.330604+09:00
캠핑화재예방비상구,,캠핑화재예방비상구,camp,,,,낮음,,,,,0.3,0.2,0.18000000000000002,0.9,,False,0,70.07,NEW,EXISTING_EXTERNAL,new_theme,REJECTED,2026-09-10T18:34:37.549557+09:00,2026-09-10T19:58:48.330604+09:00,NAVER_SEARCHAD,0,UNVERIFIED,evergreen|informational,informational,REJECT,/kor/report/camp/samcheok.html,NO_OVERLAP,UNCLEAR_OR_BROAD_INTENT,discovery,CENSORED_OR_MISSING,2026-09-10T18:34:37.549557+09:00,
민원처리기간계산방법,,민원처리기간계산방법,tools,,,,낮음,,,,,0.3,1,0.45,0.9,,False,0,69.2,NEW,EXISTING_EXTERNAL,new_theme,NEW,2026-09-10T18:34:37.549557+09:00,2026-09-10T19:58:48.330604+09:00,NAVER_SEARCHAD,0,UNVERIFIED,calculator/tool|current-information|how-to|informational,calculator/tool,NEW_PAGE,/kor/report/visa/italy.html,NO_OVERLAP,Fixed semantic similarity threshold.,discovery,CENSORED_OR_MISSING,2026-09-10T18:34:37.549557+09:00,2026-09-10T19:58:48.330604+09:00
사회보장급여신청변경,,사회보장급여신청변경,gov,,,,낮음,,,,,0.3,1,0.45,0.9,,False,0,68.8,NEW,EXISTING_EXTERNAL,new_theme,NEW,2026-09-10T18:34:37.549557+09:00,2026-09-10T19:58:48.330604+09:00,NAVER_SEARCHAD,0,UNVERIFIED,current-information|how-to|informational,how-to,NEW_PAGE,/kor/report/animal/guineapig.html,NO_OVERLAP,Fixed semantic similarity threshold.,discovery,CENSORED_OR_MISSING,2026-09-10T18:34:37.549557+09:00,2026-09-10T19:58:48.330604+09:00
자동차검사소대행,자동차점검비용,자동차검사수수료,topic:자동차검사,,30,,높음,,,,,0.3,0.2,0.16000000000000003,0.4,,False,0,11.4,NEW,NAVER_SEARCHAD,new_theme,REJECTED,2026-09-10T19:41:52.673741+09:00,2026-09-10T19:58:48.330604+09:00,NAVER_SEARCHAD,3,UNVERIFIED,evergreen|informational,informational,REJECT,/kor/report/car/,NO_OVERLAP,UNCLEAR_OR_BROAD_INTENT,discovery,CENSORED_OR_MISSING,2026-09-10T19:41:52.673741+09:00,
자동차검사대행업체,자동차점검비용,자동차검사수수료,topic:자동차검사,80,240,320,높음,,,,,0.3,0.2,0.18000000000000002,0.4,,False,50,11.4,NEW,NAVER_SEARCHAD,new_theme,REJECTED,2026-09-10T19:41:52.673741+09:00,2026-09-10T19:58:48.330604+09:00,NAVER_SEARCHAD,3,MEDIUM,evergreen|informational,informational,REJECT,/kor/report/car/,NO_OVERLAP,UNCLEAR_OR_BROAD_INTENT,discovery,,2026-09-10T19:41:52.673741+09:00,
차량검사대행,자동차점검비용,자동차검사수수료,topic:자동차검사,60,140,200,높음,,,,,0.3,0.2,0.12,0.4,,False,50,11.4,NEW,NAVER_SEARCHAD,new_theme,REJECTED,2026-09-10T19:41:52.673741+09:00,2026-09-10T19:58:48.330604+09:00,NAVER_SEARCHAD,3,MEDIUM,evergreen|informational,informational,REJECT,/kor/report/animal/tigrinus.html,NO_OVERLAP,UNCLEAR_OR_BROAD_INTENT,discovery,,2026-09-10T19:41:52.673741+09:00,
차량검사비용,자동차점검비용,자동차검사수수료,topic:자동차검사,70,350,420,높음,,,,,0.9,0.2,0.27,0.4,,False,50,11.4,NEW,NAVER_SEARCHAD,new_theme,NEW,2026-09-10T19:41:52.673741+09:00,2026-09-10T19:58:48.330604+09:00,NAVER_SEARCHAD,3,MEDIUM,commercial|evergreen|informational,informational,NEW_PAGE,/report/travel/portugal-setubal.html,NO_OVERLAP,Fixed semantic similarity threshold.,discovery,,2026-09-10T19:58:48.330604+09:00,2026-09-10T19:58:48.330604+09:00
자동차공업사,자동차점검비용,자동차검사수수료,topic:자동차검사,910,11900,12810,높음,,,,,0.3,0.2,0.12,0.4,,False,50,11.4,NEW,NAVER_SEARCHAD,new_theme,REJECTED,2026-09-10T19:41:52.673741+09:00,2026-09-10T19:58:48.330604+09:00,NAVER_SEARCHAD,3,MEDIUM,evergreen|informational,informational,REJECT,/kor/report/car/,NO_OVERLAP,UNCLEAR_OR_BROAD_INTENT,discovery,,2026-09-10T19:41:52.673741+09:00,
차량점검비용,자동차점검비용,자동차검사수수료,topic:자동차검사,50,200,250,높음,,,,,0.9,0.2,0.27,0.4,,False,50,11.4,NEW,NAVER_SEARCHAD,new_theme,NEW,2026-09-10T19:41:52.673741+09:00,2026-09-10T19:58:48.330604+09:00,NAVER_SEARCHAD,3,MEDIUM,commercial|evergreen|informational,informational,NEW_PAGE,/report/travel/portugal-setubal.html,NO_OVERLAP,Fixed semantic similarity threshold.,discovery,,2026-09-10T19:58:48.330604+09:00,2026-09-10T19:58:48.330604+09:00
자동차검사주기,자동차점검비용,자동차검사수수료,topic:자동차검사,1020,2940,3960,높음,,,,,0.3,0.2,0.13999999999999999,0.4,,False,50,11.4,NEW,NAVER_SEARCHAD,new_theme,REJECTED,2026-09-10T19:41:52.673741+09:00,2026-09-10T19:58:48.330604+09:00,NAVER_SEARCHAD,3,MEDIUM,evergreen|informational,informational,REJECT,/kor/report/car/,NO_OVERLAP,UNCLEAR_OR_BROAD_INTENT,discovery,,2026-09-10T19:41:52.673741+09:00,
자동차정기검사출장,자동차점검비용,자동차검사수수료,topic:자동차검사,10,20,30,높음,,,,,0.3,0.2,0.18000000000000002,0.4,,False,50,11.4,NEW,NAVER_SEARCHAD,new_theme,REJECTED,2026-09-10T19:41:52.673741+09:00,2026-09-10T19:58:48.330604+09:00,NAVER_SEARCHAD,3,MEDIUM,evergreen|informational,informational,REJECT,/kor/report/animal/guineapig.html,NO_OVERLAP,UNCLEAR_OR_BROAD_INTENT,discovery,,2026-09-10T19:41:52.673741+09:00,
자동차검사예약방법,자동차점검비용,자동차검사수수료,topic:자동차검사,40,70,110,높음,,,,,0.3,0.2,0.405,0.4,,False,50,11.4,NEW,NAVER_SEARCHAD,new_theme,NEW,2026-09-10T19:41:52.673741+09:00,2026-09-10T19:58:48.330604+09:00,NAVER_SEARCHAD,3,MEDIUM,evergreen|how-to|informational,how-to,NEW_PAGE,/kor/report/car/,NO_OVERLAP,Fixed semantic similarity threshold.,discovery,,2026-09-10T19:58:48.330604+09:00,2026-09-10T19:58:48.330604+09:00
자동차검진,자동차점검비용,자동차검사수수료,topic:자동차검사,100,360,460,높음,,,,,0.3,0.2,0.1,0.4,,False,50,11.4,NEW,NAVER_SEARCHAD,new_theme,REJECTED,2026-09-10T19:41:52.673741+09:00,2026-09-10T19:58:48.330604+09:00,NAVER_SEARCHAD,3,MEDIUM,evergreen|informational,informational,REJECT,/kor/report/car/,NO_OVERLAP,UNCLEAR_OR_BROAD_INTENT,discovery,,2026-09-10T19:41:52.673741+09:00,
자동차정기검사할인,자동차점검비용,자동차검사수수료,topic:자동차검사,,,,높음,,,,,0.3,0.2,0.18000000000000002,0.4,,False,0,11.4,NEW,NAVER_SEARCHAD,new_theme,REJECTED,2026-09-10T19:41:52.673741+09:00,2026-09-10T19:58:48.330604+09:00,NAVER_SEARCHAD,3,UNVERIFIED,evergreen|informational,informational,REJECT,/kor/report/animal/guineapig.html,NO_OVERLAP,UNCLEAR_OR_BROAD_INTENT,discovery,CENSORED_OR_MISSING,2026-09-10T19:41:52.673741+09:00,
자동차정기검사업체,자동차점검비용,자동차검사수수료,topic:자동차검사,10,20,30,높음,,,,,0.3,0.2,0.18000000000000002,0.4,,False,50,11.4,NEW,NAVER_SEARCHAD,new_theme,REJECTED,2026-09-10T19:41:52.673741+09:00,2026-09-10T19:58:48.330604+09:00,NAVER_SEARCHAD,3,MEDIUM,evergreen|informational,informational,REJECT,/kor/report/animal/guineapig.html,NO_OVERLAP,UNCLEAR_OR_BROAD_INTENT,discovery,,2026-09-10T19:41:52.673741+09:00,
스파크자동차검사,자동차점검비용,자동차검사수수료,topic:자동차검사,,,,낮음,,,,,0.3,0.2,0.16000000000000003,0.4,,False,0,11.4,NEW,NAVER_SEARCHAD,new_theme,REJECTED,2026-09-10T19:41:52.673741+09:00,2026-09-10T19:58:48.330604+09:00,NAVER_SEARCHAD,3,UNVERIFIED,evergreen|informational,informational,REJECT,/kor/report/car/,NO_OVERLAP,UNCLEAR_OR_BROAD_INTENT,discovery,CENSORED_OR_MISSING,2026-09-10T19:41:52.673741+09:00,
카니발자동차검사비용,자동차점검비용,자동차검사수수료,topic:자동차검사,10,80,90,높음,,,,,0.9,0.2,0.45,0.4,,False,50,11.4,NEW,NAVER_SEARCHAD,new_theme,NEW,2026-09-10T19:41:52.673741+09:00,2026-09-10T19:58:48.330604+09:00,NAVER_SEARCHAD,3,MEDIUM,commercial|evergreen|informational,informational,NEW_PAGE,/kor/report/car/,NO_OVERLAP,Fixed semantic similarity threshold.,discovery,,2026-09-10T19:58:48.330604+09:00,2026-09-10T19:58:48.330604+09:00
자동차검사신청,자동차점검비용,자동차검사수수료,topic:자동차검사,90,50,140,높음,,,,,0.3,0.2,0.315,0.4,,False,50,11.4,NEW,NAVER_SEARCHAD,new_theme,NEW,2026-09-10T19:41:52.673741+09:00,2026-09-10T19:58:48.330604+09:00,NAVER_SEARCHAD,3,MEDIUM,evergreen|how-to|informational,how-to,NEW_PAGE,/kor/report/car/,NO_OVERLAP,Fixed semantic similarity threshold.,discovery,,2026-09-10T19:58:48.330604+09:00,2026-09-10T19:58:48.330604+09:00
차량검사출장,자동차점검비용,자동차검사수수료,topic:자동차검사,,,,낮음,,,,,0.3,0.2,0.12,0.4,,False,0,11.4,NEW,NAVER_SEARCHAD,new_theme,REJECTED,2026-09-10T19:41:52.673741+09:00,2026-09-10T19:58:48.330604+09:00,NAVER_SEARCHAD,3,UNVERIFIED,evergreen|informational,informational,REJECT,/kor/report/animal/tigrinus.html,NO_OVERLAP,UNCLEAR_OR_BROAD_INTENT,discovery,CENSORED_OR_MISSING,2026-09-10T19:41:52.673741+09:00,
차량검사예약,자동차점검비용,자동차검사수수료,topic:자동차검사,380,630,1010,높음,,,,,0.3,0.2,0.12,0.4,,False,50,11.4,NEW,NAVER_SEARCHAD,new_theme,REJECTED,2026-09-10T19:41:52.673741+09:00,2026-09-10T19:58:48.330604+09:00,NAVER_SEARCHAD,3,MEDIUM,evergreen|informational,informational,REJECT,/kor/report/animal/discus.html,NO_OVERLAP,UNCLEAR_OR_BROAD_INTENT,discovery,,2026-09-10T19:41:52.673741+09:00,
자동차검사유효기간,자동차점검비용,자동차검사수수료,topic:자동차검사,790,2480,3270,높음,,,,,0.3,1,0.18000000000000002,0.4,,False,50,11.4,NEW,NAVER_SEARCHAD,new_theme,REJECTED,2026-09-10T19:41:52.673741+09:00,2026-09-10T19:58:48.330604+09:00,NAVER_SEARCHAD,3,MEDIUM,current-information|informational,informational,REJECT,/kor/report/visa/oman.html,LOW_OVERLAP,UNCLEAR_OR_BROAD_INTENT,discovery,,2026-09-10T19:41:52.673741+09:00,
참석자급여와회의시간으로회의비용계산,,참석자급여와회의시간으로회의비용계산,tools,,,,낮음,,,,,0.9,0.2,0.81,0.9,,False,0,68.23,NEW,EXISTING_EXTERNAL,new_theme,NEW,2026-09-10T19:41:52.673741+09:00,2026-09-10T19:58:48.330604+09:00,NAVER_SEARCHAD,0,UNVERIFIED,calculator/tool|commercial|evergreen|informational,calculator/tool,NEW_PAGE,/kor/report/animal/pleco.html,NO_OVERLAP,Fixed semantic similarity threshold.,discovery,CENSORED_OR_MISSING,2026-09-10T19:41:52.673741+09:00,2026-09-10T19:58:48.330604+09:00
미용사면허신청자격과증빙자료,,미용사면허신청자격과증빙자료,gov,,,,낮음,,,,,0.3,0.2,0.63,0.9,,False,0,67.66,NEW,EXISTING_EXTERNAL,new_theme,NEW,2026-09-10T19:41:52.673741+09:00,2026-09-10T19:58:48.330604+09:00,NAVER_SEARCHAD,0,UNVERIFIED,evergreen|how-to|informational,how-to,NEW_PAGE,/kor/report/visa/saint-lucia.html,NO_OVERLAP,Fixed semantic similarity threshold.,discovery,CENSORED_OR_MISSING,2026-09-10T19:41:52.673741+09:00,2026-09-10T19:58:48.330604+09:00
인천자동차검사대행,자동차검사대행비용,자동차검사수수료,topic:자동차검사,60,240,300,높음,,,,,0.3,0.2,0.18000000000000002,0.4,,False,50,11.4,NEW,NAVER_SEARCHAD,new_theme,REJECTED,2026-09-10T19:41:52.673741+09:00,2026-09-10T19:58:48.330604+09:00,NAVER_SEARCHAD,3,MEDIUM,evergreen|informational,informational,REJECT,/kor/report/car/,NO_OVERLAP,UNCLEAR_OR_BROAD_INTENT,discovery,,2026-09-10T19:41:52.673741+09:00,
안산자동차검사대행,자동차검사대행비용,자동차검사수수료,topic:자동차검사,20,80,100,높음,,,,,0.3,0.2,0.18000000000000002,0.4,,False,50,11.4,NEW,NAVER_SEARCHAD,new_theme,REJECTED,2026-09-10T19:41:52.673741+09:00,2026-09-10T19:58:48.330604+09:00,NAVER_SEARCHAD,3,MEDIUM,evergreen|informational,informational,REJECT,/kor/report/car/,NO_OVERLAP,UNCLEAR_OR_BROAD_INTENT,discovery,,2026-09-10T19:41:52.673741+09:00,
캠핑일산화탄소경보기,,캠핑일산화탄소경보기,camp,50,140,190,높음,,,,,0.3,0.2,0.2,0.9,,False,50,67.53,NEW,EXISTING_EXTERNAL,new_theme,PUBLISHED,2026-09-10T19:58:48.330604+09:00,2026-09-10T19:58:48.330604+09:00,NAVER_SEARCHAD,0,MEDIUM,evergreen|informational,informational,NEW_PAGE,/kor/report/camp/carbon-monoxide-detector.html,NO_OVERLAP,Fixed semantic similarity threshold.,discovery,,2026-09-10T19:58:48.330604+09:00,2026-09-10T19:58:48.330604+09:00
일산화탄소경보기,캠핑 일산화탄소 경보기,캠핑일산화탄소경보기,camp,1360,3840,5200,중간,,,,,0.3,0.2,0.16000000000000003,0.9,,False,50,67.53,NEW,EXISTING_EXTERNAL,new_theme,REJECTED,2026-09-10T19:58:48.330604+09:00,2026-09-10T19:58:48.330604+09:00,NAVER_SEARCHAD,1,MEDIUM,evergreen|informational,informational,REJECT,/kor/report/coin/agrs-guide.html,NO_OVERLAP,UNCLEAR_OR_BROAD_INTENT,discovery,,2026-09-10T19:58:48.330604+09:00,
캠지,캠핑 일산화탄소 경보기,캠핑일산화탄소경보기,camp,10,20,30,중간,,,,,0.3,0.2,0.04000000000000001,0.9,,False,50,67.53,NEW,EXISTING_EXTERNAL,new_theme,REJECTED,2026-09-10T19:58:48.330604+09:00,2026-09-10T19:58:48.330604+09:00,NAVER_SEARCHAD,1,MEDIUM,evergreen|informational,informational,REJECT,,NO_OVERLAP,UNCLEAR_OR_BROAD_INTENT,discovery,,2026-09-10T19:58:48.330604+09:00,
소방용품전문,캠핑 일산화탄소 경보기,캠핑일산화탄소경보기,camp,50,50,100,높음,,,,,0.3,0.2,0.12,0.9,,False,50,67.53,NEW,EXISTING_EXTERNAL,new_theme,REJECTED,2026-09-10T19:58:48.330604+09:00,2026-09-10T19:58:48.330604+09:00,NAVER_SEARCHAD,1,MEDIUM,evergreen|informational,informational,REJECT,/kor/report/travel/france-besancon.html,NO_OVERLAP,UNCLEAR_OR_BROAD_INTENT,discovery,,2026-09-10T19:58:48.330604+09:00,
HANDO,캠핑 일산화탄소 경보기,캠핑일산화탄소경보기,camp,60,110,170,중간,,,,,0.3,0.2,0.1,0.9,,False,50,67.53,NEW,EXISTING_EXTERNAL,new_theme,REJECTED,2026-09-10T19:58:48.330604+09:00,2026-09-10T19:58:48.330604+09:00,NAVER_SEARCHAD,1,MEDIUM,evergreen|informational,informational,REJECT,/kor/report/coin/andr-guide.html,NO_OVERLAP,UNCLEAR_OR_BROAD_INTENT,discovery,,2026-09-10T19:58:48.330604+09:00,
SENKO,캠핑 일산화탄소 경보기,캠핑일산화탄소경보기,camp,210,230,440,높음,,,,,0.3,0.2,0.1,0.9,,False,50,67.53,NEW,EXISTING_EXTERNAL,new_theme,REJECTED,2026-09-10T19:58:48.330604+09:00,2026-09-10T19:58:48.330604+09:00,NAVER_SEARCHAD,1,MEDIUM,evergreen|informational,informational,REJECT,/jp/report/travel/ecuador-cuenca.html,NO_OVERLAP,UNCLEAR_OR_BROAD_INTENT,discovery,,2026-09-10T19:58:48.330604+09:00,
소방물품,캠핑 일산화탄소 경보기,캠핑일산화탄소경보기,camp,40,40,80,높음,,,,,0.3,0.2,0.08000000000000002,0.9,,False,50,67.53,NEW,EXISTING_EXTERNAL,new_theme,REJECTED,2026-09-10T19:58:48.330604+09:00,2026-09-10T19:58:48.330604+09:00,NAVER_SEARCHAD,1,MEDIUM,evergreen|informational,informational,REJECT,/kor/report/animal/tigrinus.html,NO_OVERLAP,UNCLEAR_OR_BROAD_INTENT,discovery,,2026-09-10T19:58:48.330604+09:00,
CAM.G,캠핑 일산화탄소 경보기,캠핑일산화탄소경보기,camp,,,,중간,,,,,0.3,0.2,0.08000000000000002,0.9,,False,0,67.53,NEW,EXISTING_EXTERNAL,new_theme,REJECTED,2026-09-10T19:58:48.330604+09:00,2026-09-10T19:58:48.330604+09:00,NAVER_SEARCHAD,1,UNVERIFIED,evergreen|informational,informational,REJECT,/jp/report/travel/namibia-omatako.html,NO_OVERLAP,UNCLEAR_OR_BROAD_INTENT,discovery,CENSORED_OR_MISSING,2026-09-10T19:58:48.330604+09:00,
자분탐상기,캠핑 일산화탄소 경보기,캠핑일산화탄소경보기,camp,40,20,60,높음,,,,,0.3,0.2,0.1,0.9,,False,50,67.53,NEW,EXISTING_EXTERNAL,new_theme,REJECTED,2026-09-10T19:58:48.330604+09:00,2026-09-10T19:58:48.330604+09:00,NAVER_SEARCHAD,1,MEDIUM,evergreen|informational,informational,REJECT,/kor/report/coin/av-guide.html,NO_OVERLAP,UNCLEAR_OR_BROAD_INTENT,discovery,,2026-09-10T19:58:48.330604+09:00,
여성기업,캠핑 일산화탄소 경보기,캠핑일산화탄소경보기,camp,1770,690,2460,높음,,,,,0.3,0.2,0.08000000000000002,0.9,,False,50,67.53,NEW,EXISTING_EXTERNAL,new_theme,REJECTED,2026-09-10T19:58:48.330604+09:00,2026-09-10T19:58:48.330604+09:00,NAVER_SEARCHAD,1,MEDIUM,evergreen|informational,informational,REJECT,/kor/report/stock/us/spgi.html,NO_OVERLAP,UNCLEAR_OR_BROAD_INTENT,discovery,,2026-09-10T19:58:48.330604+09:00,
SP-2217,캠핑 일산화탄소 경보기,캠핑일산화탄소경보기,camp,,,,높음,,,,,0.3,0.2,0.12,0.9,,False,0,67.53,NEW,EXISTING_EXTERNAL,new_theme,REJECTED,2026-09-10T19:58:48.330604+09:00,2026-09-10T19:58:48.330604+09:00,NAVER_SEARCHAD,1,UNVERIFIED,evergreen|informational,informational,REJECT,/kor/column/china-ev-profitability-crisis-2026.html,NO_OVERLAP,UNCLEAR_OR_BROAD_INTENT,discovery,CENSORED_OR_MISSING,2026-09-10T19:58:48.330604+09:00,
화재용품,캠핑 일산화탄소 경보기,캠핑일산화탄소경보기,camp,10,20,30,높음,,,,,0.3,0.2,0.08000000000000002,0.9,,False,50,67.53,NEW,EXISTING_EXTERNAL,new_theme,REJECTED,2026-09-10T19:58:48.330604+09:00,2026-09-10T19:58:48.330604+09:00,NAVER_SEARCHAD,1,MEDIUM,evergreen|informational,informational,REJECT,/kor/report/travel/equatorial-guinea-malabo.html,NO_OVERLAP,UNCLEAR_OR_BROAD_INTENT,discovery,,2026-09-10T19:58:48.330604+09:00,
재난키트,캠핑 일산화탄소 경보기,캠핑일산화탄소경보기,camp,70,240,310,중간,,,,,0.3,0.2,0.08000000000000002,0.9,,False,50,67.53,NEW,EXISTING_EXTERNAL,new_theme,REJECTED,2026-09-10T19:58:48.330604+09:00,2026-09-10T19:58:48.330604+09:00,NAVER_SEARCHAD,1,MEDIUM,evergreen|informational,informational,REJECT,/kor/report/animal/prairiedog.html,NO_OVERLAP,UNCLEAR_OR_BROAD_INTENT,discovery,,2026-09-10T19:58:48.330604+09:00,
소방키트,캠핑 일산화탄소 경보기,캠핑일산화탄소경보기,camp,10,10,20,높음,,,,,0.3,0.2,0.08000000000000002,0.9,,False,50,67.53,NEW,EXISTING_EXTERNAL,new_theme,REJECTED,2026-09-10T19:58:48.330604+09:00,2026-09-10T19:58:48.330604+09:00,NAVER_SEARCHAD,1,MEDIUM,evergreen|informational,informational,REJECT,/kor/report/animal/prairiedog.html,NO_OVERLAP,UNCLEAR_OR_BROAD_INTENT,discovery,,2026-09-10T19:58:48.330604+09:00,
차량용안전키트,캠핑 일산화탄소 경보기,캠핑일산화탄소경보기,camp,30,90,120,높음,,,,,0.3,0.2,0.13999999999999999,0.9,,False,50,67.53,NEW,EXISTING_EXTERNAL,new_theme,REJECTED,2026-09-10T19:58:48.330604+09:00,2026-09-10T19:58:48.330604+09:00,NAVER_SEARCHAD,1,MEDIUM,evergreen|informational,informational,REJECT,/kor/report/camp-gear/camping-cooler-recommendation.html,NO_OVERLAP,UNCLEAR_OR_BROAD_INTENT,discovery,,2026-09-10T19:58:48.330604+09:00,
차량용안전용품,캠핑 일산화탄소 경보기,캠핑일산화탄소경보기,camp,10,40,50,높음,,,,,0.3,0.2,0.13999999999999999,0.9,,False,50,67.53,NEW,EXISTING_EXTERNAL,new_theme,REJECTED,2026-09-10T19:58:48.330604+09:00,2026-09-10T19:58:48.330604+09:00,NAVER_SEARCHAD,1,MEDIUM,evergreen|informational,informational,REJECT,/kor/report/travel/south-africa-cape-town.html,NO_OVERLAP,UNCLEAR_OR_BROAD_INTENT,discovery,,2026-09-10T19:58:48.330604+09:00,
자동차안전용품,캠핑 일산화탄소 경보기,캠핑일산화탄소경보기,camp,30,130,160,높음,,,,,0.3,0.2,0.13999999999999999,0.9,,False,50,67.53,NEW,EXISTING_EXTERNAL,new_theme,REJECTED,2026-09-10T19:58:48.330604+09:00,2026-09-10T19:58:48.330604+09:00,NAVER_SEARCHAD,1,MEDIUM,evergreen|informational,informational,REJECT,/kor/report/travel/south-africa-cape-town.html,NO_OVERLAP,UNCLEAR_OR_BROAD_INTENT,discovery,,2026-09-10T19:58:48.330604+09:00,
을라3000,캠핑 일산화탄소 경보기,캠핑일산화탄소경보기,camp,50,190,240,중간,,,,,0.3,0.2,0.12,0.9,,False,50,67.53,NEW,EXISTING_EXTERNAL,new_theme,REJECTED,2026-09-10T19:58:48.330604+09:00,2026-09-10T19:58:48.330604+09:00,NAVER_SEARCHAD,1,MEDIUM,evergreen|informational,informational,REJECT,/kor/report/animal/discus.html,NO_OVERLAP,UNCLEAR_OR_BROAD_INTENT,discovery,,2026-09-10T19:58:48.330604+09:00,
배터리진단기,캠핑 일산화탄소 경보기,캠핑일산화탄소경보기,camp,40,100,140,높음,,,,,0.3,0.2,0.12,0.9,,False,50,67.53,NEW,EXISTING_EXTERNAL,new_theme,REJECTED,2026-09-10T19:58:48.330604+09:00,2026-09-10T19:58:48.330604+09:00,NAVER_SEARCHAD,1,MEDIUM,evergreen|informational,informational,REJECT,/kor/report/window/windows11-battery-life-optimization.html,NO_OVERLAP,UNCLEAR_OR_BROAD_INTENT,discovery,,2026-09-10T19:58:48.330604+09:00,
방연마스크,캠핑 일산화탄소 경보기,캠핑일산화탄소경보기,camp,920,630,1550,중간,,,,,0.3,0.2,0.1,0.9,,False,50,67.53,NEW,EXISTING_EXTERNAL,new_theme,REJECTED,2026-09-10T19:58:48.330604+09:00,2026-09-10T19:58:48.330604+09:00,NAVER_SEARCHAD,1,MEDIUM,evergreen|informational,informational,REJECT,/kor/report/coin/apc-guide.html,NO_OVERLAP,UNCLEAR_OR_BROAD_INTENT,discovery,,2026-09-10T19:58:48.330604+09:00,
호텔예약후포인트미지급,,호텔예약후포인트미지급,travel,,,,낮음,,,,,0.3,0.2,0.22000000000000003,0.9,,False,0,66.6,NEW,EXISTING_EXTERNAL,new_theme,NEW,2026-09-10T19:58:48.330604+09:00,2026-09-10T19:58:48.330604+09:00,NAVER_SEARCHAD,0,UNVERIFIED,evergreen|informational,informational,NEW_PAGE,/kor/report/coin/amo-guide.html,NO_OVERLAP,Fixed semantic similarity threshold.,discovery,CENSORED_OR_MISSING,2026-09-10T19:58:48.330604+09:00,2026-09-10T19:58:48.330604+09:00
해외구매캠핑가스용품KC,,해외구매캠핑가스용품kc,camp,,,,낮음,,,,,0.9,0.2,0.54,0.9,,False,0,66.47,NEW,EXISTING_EXTERNAL,new_theme,NEW,2026-09-10T19:58:48.330604+09:00,2026-09-10T19:58:48.330604+09:00,NAVER_SEARCHAD,0,UNVERIFIED,commercial|evergreen|informational,informational,NEW_PAGE,/kor/report/travel/namibia-omatako.html,NO_OVERLAP,Fixed semantic similarity threshold.,discovery,CENSORED_OR_MISSING,2026-09-10T19:58:48.330604+09:00,2026-09-10T19:58:48.330604+09:00
재개발사업시행자준공인가신청서류,,재개발사업시행자준공인가신청서류,gov,,,,낮음,,,,,0.3,0.2,0.7200000000000001,0.9,,False,0,66.23,NEW,EXISTING_EXTERNAL,new_theme,NEW,2026-09-10T19:58:48.330604+09:00,2026-09-10T19:58:48.330604+09:00,NAVER_SEARCHAD,0,UNVERIFIED,checklist|evergreen|how-to|informational,checklist,NEW_PAGE,/kor/report/visa/algeria.html,NO_OVERLAP,Fixed semantic similarity threshold.,discovery,CENSORED_OR_MISSING,2026-09-10T19:58:48.330604+09:00,2026-09-10T19:58:48.330604+09:00
패키지여행예약변경취소환불,,패키지여행예약변경취소환불,travel,,,,낮음,,,,,0.3,1,0.26,0.9,,False,0,66.13,NEW,EXISTING_EXTERNAL,new_theme,NEW,2026-09-10T19:58:48.330604+09:00,2026-09-10T19:58:48.330604+09:00,NAVER_SEARCHAD,0,UNVERIFIED,current-information|informational,informational,NEW_PAGE,/kor/report/travel/greece-folegandros.html,NO_OVERLAP,Fixed semantic similarity threshold.,discovery,CENSORED_OR_MISSING,2026-09-10T19:58:48.330604+09:00,2026-09-10T19:58:48.330604+09:00
자동차검사업체,차량점검비용,자동차검사수수료,topic:자동차검사,10,30,40,높음,,,,,0.3,0.2,0.13999999999999999,0.4,,False,50,7.4,NEW,NAVER_SEARCHAD,new_theme,REJECTED,2026-09-10T19:58:48.330604+09:00,2026-09-10T19:58:48.330604+09:00,NAVER_SEARCHAD,4,MEDIUM,evergreen|informational,informational,REJECT,/kor/report/car/,NO_OVERLAP,UNCLEAR_OR_BROAD_INTENT,discovery,,2026-09-10T19:58:48.330604+09:00,
자동차검사일,차량점검비용,자동차검사수수료,topic:자동차검사,100,270,370,높음,,,,,0.3,0.2,0.12,0.4,,False,50,7.4,NEW,NAVER_SEARCHAD,new_theme,REJECTED,2026-09-10T19:58:48.330604+09:00,2026-09-10T19:58:48.330604+09:00,NAVER_SEARCHAD,4,MEDIUM,evergreen|informational,informational,REJECT,/kor/report/car/,NO_OVERLAP,UNCLEAR_OR_BROAD_INTENT,discovery,,2026-09-10T19:58:48.330604+09:00,
서울자동차검사대행,차량점검비용,자동차검사수수료,topic:자동차검사,20,30,50,높음,,,,,0.3,0.2,0.18000000000000002,0.4,,False,50,7.4,NEW,NAVER_SEARCHAD,new_theme,REJECTED,2026-09-10T19:58:48.330604+09:00,2026-09-10T19:58:48.330604+09:00,NAVER_SEARCHAD,4,MEDIUM,evergreen|informational,informational,REJECT,/kor/report/car/,NO_OVERLAP,UNCLEAR_OR_BROAD_INTENT,discovery,,2026-09-10T19:58:48.330604+09:00,
부천자동차검사대행,차량점검비용,자동차검사수수료,topic:자동차검사,20,80,100,중간,,,,,0.3,0.2,0.18000000000000002,0.4,,False,50,7.4,NEW,NAVER_SEARCHAD,new_theme,REJECTED,2026-09-10T19:58:48.330604+09:00,2026-09-10T19:58:48.330604+09:00,NAVER_SEARCHAD,4,MEDIUM,evergreen|informational,informational,REJECT,/kor/report/car/,NO_OVERLAP,UNCLEAR_OR_BROAD_INTENT,discovery,,2026-09-10T19:58:48.330604+09:00,
자동차검사토요일,차량점검비용,자동차검사수수료,topic:자동차검사,80,360,440,높음,,,,,0.3,0.2,0.16000000000000003,0.4,,False,50,7.4,NEW,NAVER_SEARCHAD,new_theme,REJECTED,2026-09-10T19:58:48.330604+09:00,2026-09-10T19:58:48.330604+09:00,NAVER_SEARCHAD,4,MEDIUM,evergreen|informational,informational,REJECT,/kor/report/car/,NO_OVERLAP,UNCLEAR_OR_BROAD_INTENT,discovery,,2026-09-10T19:58:48.330604+09:00,
자동차검사비용할인,차량점검비용,자동차검사수수료,topic:자동차검사,10,60,70,높음,,,,,0.9,0.2,0.405,0.4,,False,50,7.4,NEW,NAVER_SEARCHAD,new_theme,NEW,2026-09-10T19:58:48.330604+09:00,2026-09-10T19:58:48.330604+09:00,NAVER_SEARCHAD,4,MEDIUM,commercial|evergreen|informational,informational,NEW_PAGE,/kor/report/car/,NO_OVERLAP,Fixed semantic similarity threshold.,discovery,,2026-09-10T19:58:48.330604+09:00,2026-09-10T19:58:48.330604+09:00
자동차정기검사대리,차량점검비용,자동차검사수수료,topic:자동차검사,10,50,60,중간,,,,,0.3,0.2,0.18000000000000002,0.4,,False,50,7.4,NEW,NAVER_SEARCHAD,new_theme,REJECTED,2026-09-10T19:58:48.330604+09:00,2026-09-10T19:58:48.330604+09:00,NAVER_SEARCHAD,4,MEDIUM,evergreen|informational,informational,REJECT,/kor/report/animal/guineapig.html,NO_OVERLAP,UNCLEAR_OR_BROAD_INTENT,discovery,,2026-09-10T19:58:48.330604+09:00,
자동차종합검사출장,차량점검비용,자동차검사수수료,topic:자동차검사,,,,높음,,,,,0.3,0.2,0.18000000000000002,0.4,,False,0,7.4,NEW,NAVER_SEARCHAD,new_theme,REJECTED,2026-09-10T19:58:48.330604+09:00,2026-09-10T19:58:48.330604+09:00,NAVER_SEARCHAD,4,UNVERIFIED,evergreen|informational,informational,REJECT,/kor/report/car/,NO_OVERLAP,UNCLEAR_OR_BROAD_INTENT,discovery,CENSORED_OR_MISSING,2026-09-10T19:58:48.330604+09:00,
차량종합검사조회,차량점검비용,자동차검사수수료,topic:자동차검사,40,70,110,높음,,,,,0.3,0.2,0.16000000000000003,0.4,,False,50,7.4,NEW,NAVER_SEARCHAD,new_theme,REJECTED,2026-09-10T19:58:48.330604+09:00,2026-09-10T19:58:48.330604+09:00,NAVER_SEARCHAD,4,MEDIUM,evergreen|informational,informational,REJECT,/kor/report/animal/tigrinus.html,NO_OVERLAP,UNCLEAR_OR_BROAD_INTENT,discovery,,2026-09-10T19:58:48.330604+09:00,
스타렉스자동차검사비용,차량점검비용,자동차검사수수료,topic:자동차검사,,20,,높음,,,,,0.9,0.2,0.49500000000000005,0.4,,False,0,7.4,NEW,NAVER_SEARCHAD,new_theme,NEW,2026-09-10T19:58:48.330604+09:00,2026-09-10T19:58:48.330604+09:00,NAVER_SEARCHAD,4,UNVERIFIED,commercial|evergreen|informational,informational,NEW_PAGE,/kor/report/car/,NO_OVERLAP,Fixed semantic similarity threshold.,discovery,CENSORED_OR_MISSING,2026-09-10T19:58:48.330604+09:00,2026-09-10T19:58:48.330604+09:00
차검사비용,차량검사비용,자동차검사수수료,topic:자동차검사,,80,,높음,,,,,0.9,0.2,0.225,0.4,,False,0,7.4,NEW,NAVER_SEARCHAD,new_theme,NEW,2026-09-10T19:58:48.330604+09:00,2026-09-10T19:58:48.330604+09:00,NAVER_SEARCHAD,4,UNVERIFIED,commercial|evergreen|informational,informational,NEW_PAGE,/report/travel/portugal-setubal.html,NO_OVERLAP,Fixed semantic similarity threshold.,discovery,CENSORED_OR_MISSING,2026-09-10T19:58:48.330604+09:00,2026-09-10T19:58:48.330604+09:00
